ds,yhat,yhat_lower,yhat_upper
2010-01-01,9.413745106462754,6.862522056049144,12.144308307150538
2010-01-02,9.360866467873205,6.7655246517831875,11.928886853912253
2010-01-03,9.483529844415763,6.852715451441542,11.994280723975773
2010-01-04,9.477907039516978,6.737027865179896,12.137692102553428
2010-01-05,9.585028920199324,6.9518530650314885,12.1175563789343
2010-01-06,9.54230877924909,7.066966434966456,12.185897998368318
2010-01-07,9.58017649226068,6.894743992523938,12.224869564650138
2010-01-08,9.613788870405049,7.0589884980521065,12.25180099829089
2010-01-09,9.574100693744466,7.00379921311681,12.173706736916673
2010-01-10,9.705567361489198,7.013262023370142,12.247663003736632
2010-01-11,9.704586753617448,7.078312362082047,12.229881763857453
2010-01-12,9.812538090093717,7.105487015772765,12.404788629415991
2010-01-13,9.767297253526106,7.045757508737408,12.460850860026978
2010-01-14,9.799859698601804,7.201652409542367,12.43563910039875
2010-01-15,9.826036615091502,6.997044463906023,12.230560325991796
2010-01-16,9.77750917674009,7.055243750765741,12.456931578563182
2010-01-17,9.89951223279804,7.47164435074664,12.400172839365206
2010-01-18,9.889255519057645,7.414082273626924,12.449602245666018
2010-01-19,9.988940706684513,7.252878567521386,12.561755315994226
2010-01-20,9.937254322439113,7.522638229123039,12.467726810796556
2010-01-21,9.96596825211883,7.423744916305217,12.311206162444003
2010-01-22,9.991614087662937,7.392349120242948,12.441883220532414
2010-01-23,9.946516733201026,7.426850310885055,12.519235428715366
2010-01-24,10.076459183498923,7.788259540578885,12.671199012364815
2010-01-25,10.079087067073148,7.581071532735725,12.538067947042455
2010-01-26,10.196911732465313,7.710382107608933,12.750177304403977
2010-01-27,10.168792303697494,7.85057330236887,12.684351754095163
2010-01-28,10.22652873065206,7.785607651521776,12.69378334405134
2010-01-29,10.286532321462648,7.734860699238733,13.013475550250046
2010-01-30,10.280859305197591,7.94664500338067,12.89093280172661
2010-01-31,10.454879373645202,7.952122607688837,12.966411955976575
2010-02-01,10.5056877308931,7.79618954353041,12.897589741562605
2010-02-02,10.675119267894067,8.002785707649418,13.293130731163053
2010-02-03,10.701245032945154,8.080520056563408,13.30314517952235
2010-02-04,10.814982681279561,8.206328920446834,13.290515789968005
2010-02-05,10.931786969590094,8.20144453248829,13.517571698988345
2010-02-06,10.982705354577748,8.51259192247529,13.53823471078635
2010-02-07,11.212070099876703,8.676066901814309,13.704866884351706
2010-02-08,11.315934834365551,8.676759263251261,13.935522400060615
2010-02-09,11.53511356742597,9.019020393469528,14.115284524787455
2010-02-10,11.606701710315102,9.116188025286206,14.116286163289507
2010-02-11,11.76071017116691,9.14187094991166,14.427920509764595
2010-02-12,11.911777995789944,9.302255685031279,14.401565643093242
2010-02-13,11.990248057170902,9.316736237820454,14.441489074549034
2010-02-14,12.239876693652297,9.676731808039936,14.831831727929623
2010-02-15,12.356284799289622,9.842750243424174,14.901621163150752
2010-02-16,12.58000800853129,10.110854394375973,15.002815339820133
2010-02-17,12.648025246357117,10.070351048900049,15.101837900116983
2010-02-18,12.79039652567201,10.005731105438967,15.43958351268782
2010-02-19,12.92197537532246,10.34185195314965,15.240700800639067
2010-02-20,12.973480411640281,10.453409231520071,15.498678298146249
2010-02-21,13.18919706172828,10.434211212100564,15.703327580627594
2010-02-22,13.265417145241537,10.76267848068765,15.509783072394791
2010-02-23,13.443474249377545,10.963960634075015,16.156053846525978
2010-02-24,13.461254542123603,11.006918103523963,15.983714772771693
2010-02-25,13.549814350725024,11.05431018058806,16.126707539110374
2010-02-26,13.62507039326546,11.077669776220649,16.125492176830274
2010-02-27,13.61884772679356,11.06414497915728,16.106879210556748
2010-02-28,13.776557002261184,11.258377364159903,16.488912891220284
2010-03-01,13.795609331384952,11.345752849993595,16.46583819357831
2010-03-02,13.91842729934787,11.473054388065075,16.673237791619847
2010-03-03,13.88393235299302,11.419158295115016,16.397796264948667
2010-03-04,13.92414044665954,11.467439238921775,16.415253317837486
2010-03-05,13.955832345305522,11.280853956545581,16.665316709292885
2010-03-06,13.911584104054386,11.350112498145172,16.361597685417394
2010-03-07,14.03742970294559,11.634831562603356,16.60337302857543
2010-03-08,14.0312644542185,11.436112703751686,16.62527887025499
2010-03-09,14.135847944824635,11.593267925249416,16.671205069705472
2010-03-10,14.090286884442138,11.56049639134755,16.693680124134794
2010-03-11,14.126629791164966,11.541599682493425,16.629103804598323
2010-03-12,14.161539874003672,11.41110369169027,16.77801620762051
2010-03-13,14.12733150267599,11.450088699373177,16.598401472706804
2010-03-14,14.26964203145781,11.854862840194556,16.770072334423876
2010-03-15,14.285847305839372,11.620615989370748,16.95730548103856
2010-03-16,14.418079258432156,11.678193250124878,16.880881982921103
2010-03-17,14.404725550871799,11.794368450770857,16.91578445041387
2010-03-18,14.477042734973795,11.732004931107282,16.992894444246755
2010-03-19,14.550848800786573,11.958234259608831,17.145246371065642
2010-03-20,14.557579991493938,11.701717368297155,17.013219193627183
2010-03-21,14.74198313611507,12.057022382449414,17.32201749577887
2010-03-22,14.800551321359203,12.271225134485732,17.236961899988636
2010-03-23,14.974560823262985,12.531043319856144,17.50074697206488
2010-03-24,15.001588803518603,12.473878472374645,17.651931404037644
2010-03-25,15.112142837062217,12.486885345836836,17.416045046754896
2010-03-26,15.221367786793959,12.706612096251755,17.838600725091343
2010-03-27,15.26011461656681,12.636023323860611,17.91295444914055
2010-03-28,15.472642173678679,12.980924561645859,18.03774010361147
2010-03-29,15.555059615786838,13.250434439531718,18.07504007590325
2010-03-30,15.7483673316583,13.11488370534506,18.21877577926838
2010-03-31,15.789975864640342,13.219336574954657,18.367868539938975
2010-04-01,15.910333982337448,13.18101944304686,18.3185916048055
2010-04-02,16.024631554075235,13.418549945477185,18.520271101232073
2010-04-03,16.063862035765027,13.453650689064375,18.553771018910066
2010-04-04,16.27251585705936,13.536909171644208,18.84352173746477
2010-04-05,16.34701269546671,13.572623220405028,18.82780893362949
2010-04-06,16.52873083270815,13.88648236423116,19.264909332755913
2010-04-07,16.555513473195255,14.109359181239308,18.938807405474705
2010-04-08,16.658283553021246,14.102310376254435,19.193791487010074
2010-04-09,16.752733088355,14.196515266346035,19.444243482709467
2010-04-10,16.77037224141544,14.167926295117985,19.41269719615838
2010-04-11,16.95620975801425,14.265865845533988,19.51253421759283
2010-04-12,17.00717309120605,14.53461049296162,19.519534388079016
2010-04-13,17.16512669822169,14.556748746491708,19.579065349181608
2010-04-14,17.16836863717729,14.56657255122667,19.860215291380634
2010-04-15,17.248237187448026,14.620729503513237,19.78180117766155
2010-04-16,17.32079368290619,14.734611301293448,19.80193814940113
2010-04-17,17.317866818919246,14.65337375523438,19.81399081563173
2010-04-18,17.484730111788032,15.098035273956418,20.07198739718765
2010-04-19,17.518520793020244,15.099884798565569,20.1190960874799
2010-04-20,17.661258539654987,15.251373549369115,20.17609472035967
2010-04-21,17.65134403197434,15.22098583501929,20.211167880555095
2010-04-22,17.720168884088338,14.9945281354604,20.121216381686626
2010-04-23,17.783802922225675,15.331747839743654,20.451878275426147
2010-04-24,17.774043829495106,15.270050632434035,20.36758668750852
2010-04-25,17.93610057477403,15.435995994878562,20.621112240233785
2010-04-26,17.96701863756395,15.22871286569689,20.364193438095274
2010-04-27,18.108705159347252,15.41699950307216,20.62560325239546
2010-04-28,18.09943375121858,15.645851287043223,20.74486419835984
2010-04-29,18.170460259630687,15.714619512924715,20.692793302361192
2010-04-30,18.23771524736186,15.337637268594175,20.946048407395814
2010-05-01,18.232858023722805,15.630396979068276,20.81053148586189
2010-05-02,18.40096349572186,15.903035338970303,20.975592501430064
2010-05-03,18.438949749371957,16.08292670354255,21.088116949382183
2010-05-04,18.58860443525105,15.915504924003816,21.31718975304629
2010-05-05,18.588089679291436,15.935536773389943,21.271472282780337
2010-05-06,18.668556859208767,16.054852854026276,21.250356864227868
2010-05-07,18.745837087799277,16.202019332330725,21.27372405288839
2010-05-08,18.75149236342894,16.150533569165837,21.313785413830413
2010-05-09,18.93049882315884,16.496693909755354,21.5621440289734
2010-05-10,18.97967020279547,16.474559380135968,21.733677748525064
2010-05-11,19.140679797424912,16.400925768044534,21.847909114407237
2010-05-12,19.151560879264196,16.434591796599943,21.757760207639954
2010-05-13,19.243317157081425,16.584882280981862,21.71569614911334
2010-05-14,19.331609361446493,16.82441338156474,21.99598252363898
2010-05-15,19.347803149638047,16.820319814412528,21.862283395796332
2010-05-16,19.53664998106168,17.200204832998953,22.19724609277559
2010-05-17,19.594709256877564,16.99271846628652,22.212932854925597
2010-05-18,19.76337017360526,17.15525619752948,22.367352993879365
2010-05-19,19.78035336440494,17.25645484909014,22.22109123959709
2010-05-20,19.87632398489324,17.380450603759048,22.372577519373117
2010-05-21,19.9665823525806,17.232193773487932,22.52763247150125
2010-05-22,19.9821173087294,17.42585264554074,22.71745127657786
2010-05-23,20.16729387820962,17.65667068620421,22.681588417065374
2010-05-24,20.218283396624177,17.645649970708376,22.840459939733584
2010-05-25,20.37609438364494,17.683915788090204,22.898344224371485
2010-05-26,20.378084023262268,17.744833069653208,22.85256390532029
2010-05-27,20.454581658252433,18.00579854810841,22.8085553811507
2010-05-28,20.520590128686415,17.783847356550293,23.145948615972173
2010-05-29,20.50684982218231,17.721174688066103,23.07583273497322
2010-05-30,20.657536697197507,18.19940257452682,23.040362874382573
2010-05-31,20.6687021303978,18.223541521095708,23.246885241811206
2010-06-01,20.781312554326476,18.089331813885778,23.25074087211244
2010-06-02,20.732768448320236,18.03867397248689,23.374010936258877
2010-06-03,20.75353381637949,18.224103544052475,23.20226902345135
2010-06-04,20.758841740953784,18.19179974592758,23.20838008323742
2010-06-05,20.679760679993656,18.2255373720527,23.207701072434052
2010-06-06,20.760892615414463,18.06271196181052,23.408006677724288
2010-06-07,20.698810803522598,17.981774000726606,23.1683043753491
2010-06-08,20.73509504974658,18.228306236430626,23.278303191568533
2010-06-09,20.607844085823714,17.806444039234336,23.412867975489753
2010-06-10,20.548296258180628,17.991813655770525,23.229681219380485
2010-06-11,20.472524250442767,17.79336825917396,22.99829084651312
2010-06-12,20.312488697750382,17.61726737645078,23.01719783766806
2010-06-13,20.313722043581965,17.722700801612728,22.88339501685366
2010-06-14,20.173750678658617,17.68195911195186,22.680551277658456
2010-06-15,20.135113612860287,17.615266632576816,22.697177927518492
2010-06-16,19.936857618210677,17.34667568688689,22.48564079734143
2010-06-17,19.811140433854842,17.171642421933623,22.407797018561087
2010-06-18,19.674908150637425,17.17822012840548,22.189078947713806
2010-06-19,19.46093202998761,16.923007821796023,21.976183842176777
2010-06-20,19.415476496863697,16.76427046172137,21.91289306155109
2010-06-21,19.236706717340773,16.633708195830682,21.56727069270222
2010-06-22,19.167694355010617,16.429408152937768,21.52134773806932
2010-06-23,18.947901750792397,16.330713052695472,21.428631684536697
2010-06-24,18.809776378908726,16.226341969887702,21.387133989139173
2010-06-25,18.670421906936152,15.966075975677471,21.24094861821009
2010-06-26,18.46263126796181,16.066903519394746,21.07719686358113
2010-06-27,18.432553577006654,15.991358966076476,21.043225580421705
2010-06-28,18.278103331474703,15.786164813259859,20.749349728433614
2010-06-29,18.241874762335264,15.555106079595681,20.72906941001145
2010-06-30,18.06291994692502,15.468385564477884,20.55394988345962
2010-07-01,17.973065450840423,15.217481924620806,20.55342067659395
2010-07-02,17.88869054093358,15.138479811409695,20.62440822709518
2010-07-03,17.741773649947525,15.204801969984175,20.458577942957778
2010-07-04,17.777574310863084,15.250798567582436,20.315675403618044
2010-07-05,17.693058658743986,15.088263972834772,20.05680358594402
2010-07-06,17.72992669137861,15.233043254477503,20.511251287156163
2010-07-07,17.62612105091559,15.057333889866795,20.116796616819418
2010-07-08,17.612448629841612,15.328041386222358,20.20830778371317
2010-07-09,17.604280726978228,15.10695862080135,19.982271931014466
2010-07-10,17.532616521847164,14.841818365210473,19.963096106713664
2010-07-11,17.641781038632857,15.037540743096589,20.231634409986498
2010-07-12,17.627865373869145,15.230882068066897,20.19306845612526
2010-07-13,17.73176709345578,15.065216035188977,20.159597538623697
2010-07-14,17.690710319881397,15.125947537063652,20.247329841309796
2010-07-15,17.73487662118918,15.127859461581428,20.450699893310343
2010-07-16,17.779112288759602,15.170182451047616,20.370903086684013
2010-07-17,17.753996689055953,15.196838650916197,20.28696870197533
2010-07-18,17.90354283349103,15.450224873955534,20.500282032810276
2010-07-19,17.923637968728105,15.397283308088607,20.530217152515988
2010-07-20,18.05508217417951,15.537393669315097,20.626803392076976
2010-07-21,18.035104618044922,15.317956713552045,20.707715373791643
2010-07-22,18.093988758277778,15.487147250752205,20.780291958658268
2010-07-23,18.14677228879271,15.40098567103016,21.00115923541988
2010-07-24,18.124306760833385,15.488518881125106,20.728498735075245
2010-07-25,18.27094829238632,15.530642609035702,20.888474336561668
2010-07-26,18.282987452692026,15.687355062454204,20.86475024572939
2010-07-27,18.401676601134458,15.766788406566508,21.054229727459727
2010-07-28,18.364734624045504,15.713271247437474,20.802575174678786
2010-07-29,18.402960639773404,15.813847531775625,21.052641721746895
2010-07-30,18.43192274069981,15.8094196129064,20.986547118049536
2010-07-31,18.383006948219258,15.7290385058779,20.742588765439194
2010-08-01,18.501098011564615,15.897543231214941,21.079547311910297
2010-08-02,18.48300032265868,15.840683453585942,20.943053440374158
2010-08-03,18.570457374873126,16.044272715541684,21.27160946663544
2010-08-04,18.501649818855743,16.090607363223313,21.0566554200061
2010-08-05,18.507803755241298,15.936841368401614,21.127189563376284
2010-08-06,18.50487536228798,15.814332630564751,21.152918996240086
2010-08-07,18.42459702496981,15.856244950008923,21.02884268438975
2010-08-08,18.51215655050442,15.921381689925658,21.062371172239153
2010-08-09,18.464617663565253,15.882841484510058,21.010092284149113
2010-08-10,18.523940101460628,15.928317907891199,21.09646400719006
2010-08-11,18.4284792311924,15.688781942752321,21.12799244506835
2010-08-12,18.409596678908265,15.787374539425114,21.04658366474346
2010-08-13,18.383347908374766,15.930733229604341,20.91743869466017
2010-08-14,18.281531747550186,15.794911527329894,20.74134788886916
2010-08-15,18.34937328077331,15.724184500552909,20.748576368196865
2010-08-16,18.283948138136136,15.696322188300563,20.98230371096209
2010-08-17,18.327206351722378,15.584435720507653,20.932001218536616
2010-08-18,18.217475565886787,15.68994708641697,21.069039142984572
2010-08-19,18.186074977160448,15.595510940036815,20.509795780926822
2010-08-20,18.149005848453456,15.65071546918597,20.77811241868231
2010-08-21,18.038003529805316,15.533739520566138,20.55054185040995
2010-08-22,18.098222362708952,15.63023387127385,20.75086901237945
2010-08-23,18.02666148557988,15.558950525398211,20.65260635919263
2010-08-24,18.065189721734328,15.499972211480506,20.536757505937196
2010-08-25,17.952049372636857,15.417032188161993,20.562937778716023
2010-08-26,17.918470348865,15.184534371214216,20.499336088615664
2010-08-27,17.88036055821258,15.237405856129413,20.265769148437784
2010-08-28,17.769357571820393,15.08577282306084,20.57280758919948
2010-08-29,17.830513043427008,15.136309029609313,20.34580359051075
2010-08-30,17.760718002036874,14.919125206494051,20.109833800838135
2010-08-31,17.80172730193211,15.300999342158345,20.58689006459185
2010-09-01,17.69166315031645,15.22395039809186,20.236595123788685
2010-09-02,17.66162923305662,15.21505395507593,20.297846367517725
2010-09-03,17.627401432242344,14.92700007778573,19.92117090292641
2010-09-04,17.520480213515793,14.764415221970685,20.14967043071197
2010-09-05,17.585776195155074,14.953882926559745,20.19694081572535
2010-09-06,17.520037033914647,14.863476344928072,20.196569947113446
2010-09-07,17.564873902822672,15.112851342120862,19.961092472260365
2010-09-08,17.45826744886075,14.721690298787363,19.96664628482668
2010-09-09,17.43118469564041,14.871716664760688,19.883041578973874
2010-09-10,17.39927280812169,14.657557791107433,19.942198084291846
2010-09-11,17.29391470176261,14.538996190377018,19.85403710607777
2010-09-12,17.359917897009787,14.858891439439923,20.026803754676866
2010-09-13,17.293944631447914,14.509011349948963,19.995405522040553
2010-09-14,17.337541375089057,14.665430908886032,19.869484947171877
2010-09-15,17.228647504884844,14.833832054668044,19.865848259257554
2010-09-16,17.198214474739366,14.660193322173278,19.98000288390672
2010-09-17,17.16190127741946,14.451558892676521,19.735872869194843
2010-09-18,17.05113107334799,14.604049956846467,19.50753726774231
2010-09-19,17.11078029768909,14.56960704516118,19.655222181525644
2010-09-20,17.037608190688445,14.497580462901254,19.724430525700324
2010-09-21,17.073284855041752,14.568177161200875,19.690339994667347
2010-09-22,16.9558975830627,14.357860870374955,19.732277561135856
2010-09-23,16.916566806814043,14.251019158299478,19.51292614015376
2010-09-24,16.871137515500163,14.191813686345688,19.425805350110007
2010-09-25,16.751231093765174,14.178886771944349,19.378264113722583
2010-09-26,16.801929000400065,14.064183791875907,19.406152067112156
2010-09-27,16.72019636757348,14.12584742288243,19.154616821781065
2010-09-28,16.74790378318063,14.078143293410491,19.215430747526533
2010-09-29,16.623327177263334,14.123136036444368,19.265453786377858
2010-09-30,16.577757358107014,14.134010418317606,19.183102490101245
2010-10-01,16.52718524326578,13.894723634835879,19.10658505849091
2010-10-02,16.403347942379394,13.879025581822207,19.086977025484764
2010-10-03,16.451407310299835,13.763353967585537,18.758527712219763
2010-10-04,16.36836923878278,13.943194166250723,19.12557248154574
2010-10-05,16.396102120238044,13.707464531250952,18.91915164893254
2010-10-06,16.272834551955288,13.661925219545951,18.693818222448222
2010-10-07,16.22976394493486,13.684982770700584,18.786371605648913
2010-10-08,16.182742167300134,13.619846064818068,18.96000916970455
2010-10-09,16.063323426234984,13.361703652360353,18.699621752603576
2010-10-10,16.116446013502483,13.409705714844401,18.53220039061505
2010-10-11,16.038856147226223,13.61664192788574,18.656408138447965
2010-10-12,16.072132265301082,13.586850359545261,18.736994851501326
2010-10-13,15.954189719147926,13.329940810735668,18.572201779506102
2010-10-14,15.915897372886826,13.3335328007244,18.416337340038538
2010-10-15,15.872772043055871,13.208800777569651,18.277503679973133
2010-10-16,15.756035756878195,13.21023426953454,18.388204530290338
2010-10-17,15.810307202946918,13.261953751334918,18.2694321025903
2010-10-18,15.73203533733368,13.20107850366488,18.197449260069156
2010-10-19,15.762533219805134,13.288273741496152,18.371309804580623
2010-10-20,15.639491745246463,13.033383666296713,18.133881046683214
2010-10-21,15.593604497161692,12.951551361361178,18.131791968755838
2010-10-22,15.540269393989803,13.141422987551566,18.039107197981714
2010-10-23,15.410651863910333,12.948595314817092,17.894917115136014
2010-10-24,15.449380709498996,12.963288884694867,17.843419179539747
2010-10-25,15.352984449644469,12.760663439808058,17.908573271335122
2010-10-26,15.36292608091271,12.762214237853234,18.031703029884735
2010-10-27,15.217115839086896,12.746088997582174,17.594434467385113
2010-10-28,15.146533155277211,12.726476170814847,17.5064568013705
2010-10-29,15.066923499057799,12.49775476067295,17.620341566251756
2010-10-30,14.909854921010936,12.257290927233182,17.309494513045138
2010-10-31,14.920405586876049,12.355844704401315,17.586231537730395
2010-11-01,14.795590273318055,12.027226565798049,17.326058119128668
2010-11-02,14.777383997811008,12.343358313556486,17.521844865757245
2010-11-03,14.604222635982957,12.096871706012893,17.074331981071555
2010-11-04,14.507612028865998,12.168932855928524,17.01636947041852
2010-11-05,14.403811608041229,11.796796824441152,16.89111654701875
2010-11-06,14.224877705069165,11.639894812248357,16.903478185647145
2010-11-07,14.216338200267629,11.748311328985176,16.779618003921104
2010-11-08,14.075606842349368,11.470241010909955,16.56976590347879
2010-11-09,14.044995761331776,11.374566606282118,16.574148324167947
2010-11-10,13.863206356137809,11.426857621428889,16.322503118714963
2010-11-11,13.761930355869026,11.243302465090325,16.35188222798005
2010-11-12,13.657527338659438,11.004755162156266,16.147102390828557
2010-11-13,13.482064081783353,10.891315636238856,16.013731511206526
2010-11-14,13.480987549884006,11.018803885553979,16.08945719127989
2010-11-15,13.351539943843749,10.770698390244032,15.950730948617355
2010-11-16,13.335774359160437,10.796444257978093,15.909809111321541
2010-11-17,13.17205119523287,10.753868203082254,15.674649223766364
2010-11-18,13.09164700793006,10.636241640743393,15.661249016419058
2010-11-19,13.01044191797421,10.459140843835552,15.605717103768782
2010-11-20,12.859970716303975,10.299804400651393,15.276320764666025
2010-11-21,12.885109185110386,10.266465157050018,15.531800397383774
2010-11-22,12.782503720361314,10.217372544810095,15.250337485650588
2010-11-23,12.793602428012335,10.100145945239582,15.468281822871942
2010-11-24,12.656167428600625,10.023399870800878,15.262689440960392
2010-11-25,12.600899636684945,10.016891786746523,15.127337737976115
2010-11-26,12.543141694158031,10.048731086107132,15.151844774069058
2010-11-27,12.413943769449531,9.792227750244596,15.015074174711447
2010-11-28,12.457763328595448,9.850162114258948,15.202897683773227
2010-11-29,12.370906579386418,9.829205682464146,14.825722645312508
2010-11-30,12.394569415506883,9.82293616437628,14.955068508506216
2010-12-01,12.266357299499292,9.532706246291905,14.810409264066767
2010-12-02,12.216915113579322,9.527578505491851,14.897944879062985
2010-12-03,12.161632485694408,9.584881043763943,14.698437374296898
2010-12-04,12.031709202734593,9.445184789760075,14.683762098223843
2010-12-05,12.071851792001905,9.61182487187231,14.70632679969915
2010-12-06,11.978709024267223,9.485845682554933,14.49559504072843
2010-12-07,11.993904293954468,9.413275881870055,14.439593566056516
2010-12-08,11.855544517895758,9.25037537870419,14.393078124667717
2010-12-09,11.794836853565531,9.160631974524001,14.3864837698802
2010-12-10,11.727779078721511,9.094631268290831,14.240081274504416
2010-12-11,11.586208633004247,9.200810739084847,14.10043202625537
2010-12-12,11.615481835317537,9.282693525884598,14.06681668077411
2010-12-13,11.512891495592365,8.855444650755246,13.943591085664096
2010-12-14,11.52068136186952,8.978919697749836,14.07791494326888
2010-12-15,11.377537536425397,9.021066375989186,13.912795459244819
2010-12-16,11.315188647509276,8.91920184674069,14.261834232734358
2010-12-17,11.250081084122286,8.781811973280249,13.826954585942593
2010-12-18,11.114414726673402,8.651031970184766,13.64604579959234
2010-12-19,11.153811074039432,8.457517333116131,13.675937577837665
2010-12-20,11.065722315609232,8.565069778430491,13.530142372382596
2010-12-21,11.092440052724168,8.366015649860811,13.480891262728228
2010-12-22,10.972583992249085,8.350715602431347,13.35137092635804
2010-12-23,10.937702507347733,8.328584984882974,13.249269977453203
2010-12-24,10.903256527418993,8.252172720790103,13.346069373107738
2010-12-25,10.80174647641859,8.145283143449634,13.397991086022282
2010-12-26,10.878305316925942,8.236516600590843,13.307111707436386
2010-12-27,10.829814715998136,8.172588573166909,13.26319766991316
2010-12-28,10.897928383723194,8.329532573269713,13.581868269669197
2010-12-29,10.820577402586304,8.403035206719094,13.438657946049078
2010-12-30,10.828589009135825,8.224459263252927,13.265180437416582
2010-12-31,10.837384677918429,8.175018340682026,13.343167939419018
2011-01-01,10.778042361848803,8.272240586047547,13.215409970946673
2011-01-02,10.89499410425416,8.346529522984374,13.395827181165751
2011-01-03,10.884466796951942,8.360903020873193,13.53556685653582
2011-01-04,10.987523945922504,8.456594762492893,13.674801731119468
2011-01-05,10.941587878162867,8.33820637683891,13.318903144655899
2011-01-06,10.977073373219904,8.24845323298116,13.591893141004665
2011-01-07,11.009098141623447,8.191652224722008,13.570173191586226
2011-01-08,10.968554639013451,8.479848053892276,13.395831178563018
2011-01-09,11.099814138677903,8.529416453216236,13.635847011136857
2011-01-10,11.099170625804597,8.620401609358103,13.718949779620807
2011-01-11,11.207882251846218,8.82803175735597,13.870801806417166
2011-01-12,11.163689751426038,8.7342180380642,13.781125759432433
2011-01-13,11.197442867724767,8.87678092799601,13.684094177497952
2011-01-14,11.224800363749893,8.511239271557553,13.949835079625597
2011-01-15,11.17728835270813,8.756477931699976,13.759740500832141
2011-01-16,11.299988198054908,8.827822353388449,13.909623887007642
2011-01-17,11.28996194959117,8.778352275695015,13.785193752450274
2011-01-18,11.389273522038692,8.790075860319627,13.887094508117153
2011-01-19,11.336485539428178,8.687651366302111,13.879276419500716
2011-01-20,11.363263451440018,8.783690859061604,13.890390183193249
2011-01-21,11.386053083843727,8.875863305611608,13.88783940785283
2011-01-22,11.337116950108944,8.852611577214306,13.897748696531332
2011-01-23,11.462201161869597,8.810137085478106,13.826609880451732
2011-01-24,11.458941469313816,8.816622686888449,14.147856001664481
2011-01-25,11.569867165023538,8.993292303600581,14.175234389738197
2011-01-26,11.53388324982373,8.962813153375706,14.045789590005239
2011-01-27,11.582862877251005,8.954422713181861,14.265898358799808
2011-01-28,11.633316573215833,9.2212454299112,14.30148561161812
2011-01-29,11.617423807105325,9.134732409242286,14.11273494472916
2011-01-30,11.78069890886508,9.056166466184376,14.320504931859633
2011-01-31,11.820399923155541,9.140078592946807,14.363116709168223
2011-02-01,11.978539095223201,9.32005603710803,14.478758545771683
2011-02-02,11.993375249927801,9.542366799462119,14.469054007204734
2011-02-03,12.096019848379402,9.776260463721108,14.60181521115815
2011-02-04,12.202122897357714,9.622866486377315,14.983449440574262
2011-02-05,12.24292388521831,9.859856326018827,14.802965258145548
2011-02-06,12.462939265534548,10.106695706151402,15.120981251859796
2011-02-07,12.558394547616087,9.955859849313761,15.455930992043628
2011-02-08,12.770259111811923,10.12274511936591,15.297054512702381
2011-02-09,12.83576340440881,10.297213611893211,15.39059836324789
2011-02-10,12.985029675846343,10.4248240749585,15.557337236548427
2011-02-11,13.132781818699788,10.515815792042547,15.68778714043172
2011-02-12,13.209418878508885,10.492851452608429,15.835039409603683
2011-02-13,13.458723191743168,10.82335059305497,16.248568721234946
2011-02-14,13.576310691446807,10.93585676332221,16.311757667671113
2011-02-15,13.802681041605991,11.288059076303663,16.23789223799915
2011-02-16,13.874746871664488,11.29106345945576,16.45576341347728
2011-02-17,14.02247297477776,11.506716832976592,16.49282537188156
2011-02-18,14.160590816951002,11.550466456035808,16.71223262932532
2011-02-19,14.21967281681047,12.039142827673999,16.864913079995244
2011-02-20,14.443837335554258,11.899431947803647,16.916501288043218
2011-02-21,14.529192001524015,11.977615060323105,16.8810133593633
2011-02-22,14.716873210349526,12.238864756026217,17.20255594605834
2011-02-23,14.74456134302494,12.081552441729217,17.496270820050032
2011-02-24,14.843102919930205,12.353214710822476,17.429442812261346
2011-02-25,14.928205466350205,12.288298669182197,17.54894604102408
2011-02-26,14.931490040135031,12.277377382476109,17.572340597626397
2011-02-27,15.098172901389269,12.633554933179726,17.71683684853211
2011-02-28,15.125484524199154,12.417653186364802,17.76833833987678
2011-03-01,15.2556843870998,12.555238692106746,17.757752360405295
2011-03-02,15.227551685063965,12.63706942667324,17.889047047166947
2011-03-03,15.272983770718911,12.653385186956472,17.881903513671922
2011-03-04,15.308668664225666,12.733099353258813,17.820467198375866
2011-03-05,15.267117106324527,12.729192182863503,17.779163684001066
2011-03-06,15.394326105252523,12.991370870263864,17.808420883223224
2011-03-07,15.388182583799844,12.710512603319026,18.09348687806104
2011-03-08,15.491465895237397,12.763455720059339,17.988008897911318
2011-03-09,15.44332960108388,12.872211868399688,18.082085800154868
2011-03-10,15.475894481390952,12.683332461849808,18.010155027027373
2011-03-11,15.505919189759098,12.955836385950642,18.11792334665238
2011-03-12,15.465834009553783,12.837585597751318,17.90085895220614
2011-03-13,15.601409555077913,13.138116814460812,18.10179762836441
2011-03-14,15.610168832211027,13.12572972930821,17.946140822363393
2011-03-15,15.73440115706617,13.090548632465945,18.210712603565415
2011-03-16,15.71265798536671,13.05787831073277,18.284716473680316
2011-03-17,15.776362222965147,13.321474855182553,18.22594121332785
2011-03-18,15.841496980956382,13.255758758278423,18.366544074320373
2011-03-19,15.83965874728381,13.253277813520773,18.548576666028065
2011-03-20,16.01574631151604,13.221102177232911,18.550248819816687
2011-03-21,16.066393341531835,13.524379365924567,18.543872540702292
2011-03-22,16.233002599894174,13.638157852589325,18.695969244308543
2011-03-23,16.25326136021206,13.771611213483018,18.847410252714766
2011-03-24,16.357769132481277,13.674183873601217,18.801426642205154
2011-03-25,16.461743241902305,13.909838990878974,19.138252931645255
2011-03-26,16.496086866753373,13.862254995839804,18.98658442377428
2011-03-27,16.705090566779734,14.19009986781579,19.37602543200558
2011-03-28,16.784874963389207,14.039371483188054,19.23138995679205
2011-03-29,16.976432394394035,14.337458061349665,19.47791407790563
2011-03-30,17.01714701351911,14.351665409648872,19.803866316027253
2011-03-31,17.137424428958507,14.470381724546927,19.791228037709
2011-04-01,17.25239648448291,14.669806835878573,19.5235850945608
2011-04-02,17.29298591767733,14.67177166732576,19.763275995179402
2011-04-03,17.503602120225192,14.88945794872988,20.155933509219274
2011-04-04,17.580575912157293,14.936109817445935,20.044443121037613
2011-04-05,17.7651914519716,15.324300857528952,20.290887306253584
2011-04-06,17.795195090653454,15.170492237403707,20.339055756879105
2011-04-07,17.901412629649812,15.451585038726146,20.65803590200254
2011-04-08,17.999440968805153,15.438253168043918,20.738025766582105
2011-04-09,18.020699266608048,15.381911769296122,20.769480777398275
2011-04-10,18.21011121943539,15.72851652128745,20.906765425275005
2011-04-11,18.264526736645358,15.56306351433469,20.928857749943305
2011-04-12,18.42574147146126,16.06383627669818,20.97155708802547
2011-04-13,18.4319943178076,15.735128630145892,20.91991360216864
2011-04-14,18.514574591690135,15.99823850969641,21.03251930194559
2011-04-15,18.589505091869846,16.234363062351253,21.308262541328006
2011-04-16,18.588586316554313,16.12333832070463,21.151404595954638
2011-04-17,18.757073540048943,16.09566870033325,21.58066428735444
2011-04-18,18.7920950653629,16.41127713735919,21.41185874972854
2011-04-19,18.93567009455105,16.381060004909294,21.573427193250087
2011-04-20,18.926206254095593,16.31844503714482,21.49198106417195
2011-04-21,18.995108370537068,16.362578280631872,21.814366985727005
2011-04-22,19.058464522878626,16.531780615344747,21.542660134544562
2011-04-23,19.0480944423878,16.592577913308034,21.681023526313766
2011-04-24,19.209231727720613,16.582171098410278,21.832932165514606
2011-04-25,19.238947934210206,16.593759220356084,21.848492580477075
2011-04-26,19.379176710040916,16.826044409208244,21.980954443206205
2011-04-27,19.368217745079654,16.91954985295065,21.822641932795378
2011-04-28,19.43735186289331,16.866851674435487,21.937843788055286
2011-04-29,19.502533033553544,17.010724549816832,22.064895529637653
2011-04-30,19.495442152957516,17.1520936890887,22.103196861865246
2011-05-01,19.661173862986683,17.081920179058713,22.235386811056433
2011-05-02,19.696664315244494,17.014928627629956,22.208159010994347
2011-05-03,19.843717937269357,17.16522508349634,22.411647198249437
2011-05-04,19.84051289882383,17.225557131134966,22.428250737684586
2011-05-05,19.91821658804681,17.54471623252735,22.57227061025499
2011-05-06,19.99267690190936,17.27362800576866,22.71728325536265
2011-05-07,19.99547426968338,17.36257938400897,22.452607646131753
2011-05-08,20.171605799921483,17.61426147378944,22.76456407713836
2011-05-09,20.217909608550013,17.447978900452373,22.798599466224474
2011-05-10,20.376087574879225,17.813647536615605,22.887376671684876
2011-05-11,20.384206437197022,17.727452326702732,23.070477347136382
2011-05-12,20.473308770266648,18.086906768449275,23.16176178847209
2011-05-13,20.559099891820125,18.202925907061406,23.070291178829663
2011-05-14,20.572995860834116,18.083628677625793,23.21844713696349
2011-05-15,20.75980419476395,18.15071700716216,23.274874843961896
2011-05-16,20.816145584059726,18.282026449779078,23.467282118969123
2011-05-17,20.983475047379507,18.425470833865678,23.471844747897354
2011-05-18,20.999582604292115,18.442518874952242,23.544438363173978
2011-05-19,21.09520513500567,18.514284295373738,23.419557073779437
2011-05-20,21.185715558278652,18.661684564605917,23.722994904724967
2011-05-21,21.202174527309207,18.69873281376525,23.62732906224145
2011-05-22,21.389016258333424,18.672492197457295,23.920278933003
2011-05-23,21.442476707488183,18.794056081421882,24.038997273552553
2011-05-24,21.603622427017974,18.8305123083841,24.01792566329326
2011-05-25,21.60986001805842,18.94590142359269,24.153593795783827
2011-05-26,21.691557646600348,19.161523985550684,24.293701376906107
2011-05-27,21.763744512778555,19.227395306692905,24.419814680839604
2011-05-28,21.75717320074648,19.248810825783764,24.440275638301472
2011-05-29,21.91601622744058,19.431760841342115,24.3365538575795
2011-05-30,21.936304693958075,19.340996445445388,24.60389459407983
2011-05-31,22.058967052504904,19.42716254189762,24.65628603203466
2011-06-01,22.021347591146395,19.489981896095873,24.450156459717793
2011-06-02,22.05383580060194,19.38541657776108,24.55616042154298
2011-06-03,22.0715722327492,19.526604260438113,24.75121926105498
2011-06-04,22.005515528300116,19.382096598723894,24.575670726431866
2011-06-05,22.100141720784187,19.64383833707124,24.81720004023611
2011-06-06,22.05188355506674,19.511607625270837,24.513470016498715
2011-06-07,22.102167719257892,19.516429384538952,24.686452905268794
2011-06-08,21.98892953393597,19.513763398204986,24.546047495524505
2011-06-09,21.943236263207474,19.45170309024398,24.419785525040307
2011-06-10,21.88098471737829,19.343396330762456,24.615278061794793
2011-06-11,21.73395794409148,19.04316323607481,24.43428361810982
2011-06-12,21.74751229166299,19.218187197211524,24.2669695632183
2011-06-13,21.619002812787674,18.862721582713156,24.259102189286658
2011-06-14,21.59080518550938,18.933642715778483,24.059043721925228
2011-06-15,21.401814014785273,18.895940640914016,23.98866270954097
2011-06-16,21.284049032068456,18.75675327982339,23.799746052927176
2011-06-17,21.154335240191678,18.464715177952147,23.67857862848028
2011-06-18,20.945342192902437,18.39447944116761,23.303469647668177
2011-06-19,20.903254090179125,18.138049171962916,23.500984499382557
2011-06-20,20.722024891610136,17.934514149501272,23.36721366643401
2011-06-21,20.648847790700312,18.086543259387923,23.33597171461499
2011-06-22,20.42317768543495,17.686189190192923,22.86148274620787
2011-06-23,20.27748005808862,17.69789532469946,22.67787747931297
2011-06-24,20.128901795730393,17.334556833836373,22.712736074505337
2011-06-25,19.910303522437275,17.265699353054902,22.467132201858238
2011-06-26,19.8679252923321,17.166557621969968,22.503569516866236
2011-06-27,19.69979411156923,17.19239276607803,22.41892135520049
2011-06-28,19.64873188770158,17.096699020264715,22.23202177152021
2011-06-29,19.4538440020579,16.693475873327195,21.941874326285365
2011-06-30,19.347120257054154,16.598698521646146,21.819721659506968
2011-07-01,19.245114376449678,16.493307983453366,21.73172129854659
2011-07-02,19.079987271616126,16.569253065908434,21.633817497452615
2011-07-03,19.097185671197476,16.481917230010005,21.65658751077123
2011-07-04,18.993864285488705,16.48557707595487,21.635088982309302
2011-07-05,19.011909769982807,16.415200644285456,21.554047712421216
2011-07-06,18.889446321215914,16.3233050673639,21.522642482188648
2011-07-07,18.85745427522192,16.257579265899622,21.54104417303533
2011-07-08,18.831467495642897,16.326891393994465,21.513419978395977
2011-07-09,18.742634374184153,16.32546991971459,21.332054083977766
2011-07-10,18.835413660709964,16.342701087018863,21.479966797506396
2011-07-11,18.806012933937062,16.370197261124325,21.56229055472201
2011-07-12,18.895427645152502,16.453309426973266,21.428716543468198
2011-07-13,18.840960272255604,16.29932104804248,21.508824201525986
2011-07-14,18.872850701485852,16.214915348219996,21.233515560959262
2011-07-15,18.905983419297296,16.406506512600675,21.4232419502664
2011-07-16,18.870956184882843,16.201080077898126,21.40693202767162
2011-07-17,19.0117813034805,16.610802548081477,21.725223549304793
2011-07-18,19.024327270331703,16.426159555292944,21.543000520298534
2011-07-19,19.149358732240074,16.60667855571386,21.6294357451672
2011-07-20,19.124054372249503,16.457500418076723,21.709481176964445
2011-07-21,19.178633953351202,16.560707947451125,21.78376603901883
2011-07-22,19.228060267958462,16.54270398975896,21.640871567386487
2011-07-23,19.20310086790995,16.58634908624561,21.684194289248733
2011-07-24,19.348020932709485,16.808242926244276,21.813633364831592
2011-07-25,19.359015309338076,16.60780966410826,21.734849360559966
2011-07-26,19.477237952100193,16.816464223320203,21.974227015630568
2011-07-27,19.440308659353732,16.840040763194324,21.88220662114597
2011-07-28,19.478928636065334,16.967293483333567,21.94386073288317
2011-07-29,19.508570915663277,17.072135068565842,22.073099969344646
2011-07-30,19.460530788878607,16.783349044090922,22.092734887438922
2011-07-31,19.579607849516574,17.165845924190595,22.12074005853358
2011-08-01,19.562527916022447,16.940437330940522,22.116128076718667
2011-08-02,19.650963251025733,17.129256148740925,22.279688530331963
2011-08-03,19.583031133726767,17.093818007923023,22.394003797914582
2011-08-04,19.589902433597533,17.078034886922836,21.990472769505146
2011-08-05,19.587486298416966,16.95896342141985,22.097520708955116
2011-08-06,19.50747614363631,16.9676613793151,22.00129745730786
2011-08-07,19.595028553080304,17.03307673243074,22.230335913037393
2011-08-08,19.5471833127393,17.054351290671466,22.125799702164894
2011-08-09,19.605882928809596,17.009136614119935,22.0773802515136
2011-08-10,19.509471583957662,16.811855570306715,22.008814161687763
2011-08-11,19.489305054443186,16.878685622783028,22.052278869446347
2011-08-12,19.461437555778108,16.8953647670537,21.83210484977066
2011-08-13,19.357670544974813,16.864877450590015,21.940027378350194
2011-08-14,19.423234922862978,16.95863544714835,22.107723726349832
2011-08-15,19.35521469023151,16.831411231062546,22.103405984735414
2011-08-16,19.39557024528773,16.96402120140593,21.98544345829487
2011-08-17,19.28264112258583,16.793924780666803,21.948337302541667
2011-08-18,19.247759556935055,16.720887080405017,21.949038448745632
2011-08-19,19.20694071976982,16.689415409610163,21.772682226803052
2011-08-20,19.09193455808226,16.4399115119798,21.68094802888741
2011-08-21,19.147910606139202,16.80932793492453,21.717335372665026
2011-08-22,19.071883776612214,16.661703856107415,21.624908364868574
2011-08-23,19.105739298026545,16.471835785448537,21.833384165891218
2011-08-24,18.987736604076392,16.358666228057594,21.59806708089664
2011-08-25,18.949123588144303,16.439903646591095,21.433914749191384
2011-08-26,18.905827122333392,16.19624968940111,21.518260090506065
2011-08-27,18.789504841747867,16.211077845726543,21.444415177065988
2011-08-28,18.845229649820233,16.23816137306018,21.3040726731947
2011-08-29,18.769915047442,16.195574278423717,21.25734565803676
2011-08-30,18.805339554847855,16.26644947382664,21.439801301057283
2011-08-31,18.689650134829023,16.01159377297243,21.160187818100294
2011-09-01,18.653976129865043,16.22759011525417,21.380347399507635
2011-09-02,18.614119703264123,16.066660401956334,21.162804013542303
2011-09-03,18.50160786316127,15.778512851452392,21.1194191853876
2011-09-04,18.5613775868116,16.091996306597178,21.074926462418095
2011-09-05,18.490202190129732,15.88681182124006,21.013845203432336
2011-09-06,18.529717231796877,15.885322205856593,21.240922924272446
2011-09-07,18.417925857725898,15.57006365199243,20.891368118587742
2011-09-08,18.3858150719731,15.69868387136931,21.087460299364164
2011-09-09,18.34904887448924,15.84763774438294,21.0784739937553
2011-09-10,18.239023272981424,15.925210836099858,20.75280405682685
2011-09-11,18.300554595238772,15.643880327750773,20.846920148871526
2011-09-12,18.23030913930227,15.641044230026631,20.815832251631058
2011-09-13,18.269832330622002,15.718313088436801,20.915259718776152
2011-09-14,18.1570571635842,15.66482276531297,20.8737690379373
2011-09-15,18.12292328170605,15.728787895555978,20.47422508802118
2011-09-16,18.083072506810687,15.496411156369893,20.592904668533524
2011-09-17,17.968905701292694,15.417792188512697,20.496492589887858
2011-09-18,18.025272278638145,15.550544980311772,20.58020160389608
2011-09-19,17.948900305196826,15.296090653061867,20.51357419438103
2011-09-20,17.981425289097583,15.363304283626045,20.43424086053033
2011-09-21,17.860897385276445,15.432639011174441,20.496933125802837
2011-09-22,17.818398350302274,15.368346662706797,20.438571852606273
2011-09-23,17.76973406652942,15.227036868005559,20.33795745101848
2011-09-24,17.646487559818233,15.031051222982216,20.211281381559445
2011-09-25,17.69370389703498,15.24017893595715,20.43815932251577
2011-09-26,17.608315007254085,15.151467696758617,20.205136577634434
2011-09-27,17.63216265121523,15.040077943365732,20.18443712011323
2011-09-28,17.503499421279944,14.923981455999664,20.266800013990395
2011-09-29,17.45359927936173,14.72093187855046,20.068371689452007
2011-09-30,17.39844364175933,14.813690919662992,19.929421547598924
2011-10-01,17.269768134512823,14.678250041789141,19.789351174897106
2011-10-02,17.31274160877519,14.535640451780987,19.876017459071917
2011-10-03,17.224385660777262,14.589616867992417,19.778763199865125
2011-10-04,17.246593072434276,14.855528786214299,19.803659226898855
2011-10-05,17.11762523062825,14.550705019693321,19.718524059542
2011-10-06,17.068720186512873,14.350967114970151,19.55238631603152
2011-10-07,17.01577749000869,14.357873785370762,19.77633888611704
2011-10-08,16.89040501669573,14.611185581275786,19.490060494239373
2011-10-09,16.93759943338447,14.614359373600307,19.64438810681896
2011-10-10,16.854168563829848,14.263901257912206,19.30087692657788
2011-10-11,16.881754045671283,14.490912894411306,19.3278306034404
2011-10-12,16.758334269110758,14.17847581572706,19.403844077927555
2011-10-13,16.71483914920047,14.110527504010205,19.33165099628194
2011-10-14,16.666842717422238,14.000867524812376,19.15481125133407
2011-10-15,16.545618563453413,13.86832593193356,19.027598720492716
2011-10-16,16.595829554729725,14.158511958636751,19.178599280292605
2011-10-17,16.513959849805065,13.943261144195727,19.17865013635495
2011-10-18,16.541347330842658,13.904379449197755,19.03713558676513
2011-10-19,16.41569616709543,13.974253036491003,18.94892753550103
2011-10-20,16.367700777586027,13.724938801016581,19.116339835242396
2011-10-21,16.31274689831466,13.894281892415751,18.82880924177218
2011-10-22,16.181974516274988,13.416283903664674,18.60951276174035
2011-10-23,16.21997384928408,13.531641438725705,18.856901602989996
2011-10-24,16.123222166969498,13.471533309086686,18.635918856937277
2011-10-25,16.133119392814894,13.446322677860996,18.661957024495976
2011-10-26,15.987502055313897,13.440980279439492,18.604606397768606
2011-10-27,15.91726675964934,13.29680887854338,18.400396470151694
2011-10-28,15.838068839490813,13.2483226218399,18.445875095113337
2011-10-29,15.681380959237558,13.086313733494258,18.275836590282736
2011-10-30,15.69218290867266,13.120441734606187,18.21382200867308
2011-10-31,15.56739050285602,13.151789964717329,18.194398870025317
2011-11-01,15.548881697117617,13.070654098302029,17.99654711327859
2011-11-02,15.374999704053662,12.729595803288051,17.99418648576734
2011-11-03,15.27716454656419,12.704434333800192,18.01478927571322
2011-11-04,15.171559006432442,12.42056652392113,17.601408288144736
2011-11-05,14.990174068223617,12.428303718468943,17.49970660882394
2011-11-06,14.978485450769124,12.507431501445257,17.72655581120873
2011-11-07,14.833869500629065,12.152474346048297,17.236451287934184
2011-11-08,14.798616920213764,12.128866515100276,17.389998802751556
2011-11-09,14.61142447123415,12.060030740807209,17.147868722429802
2011-11-10,14.503996421996776,12.045120635816746,17.022411040473607
2011-11-11,14.392722003337177,11.748047669886457,16.85683744217961
2011-11-12,14.209714239846019,11.514044395959054,16.687246451246548
2011-11-13,14.200481968790363,11.59015800783459,16.856696397620304
2011-11-14,14.06234348734654,11.42396618631656,16.624134071920004
2011-11-15,14.037440407460632,11.24023267644467,16.561031052179207
2011-11-16,13.86423190184675,11.100217734788329,16.34685754500114
2011-11-17,13.774101086320517,11.44633950221197,16.3657716001214
2011-11-18,13.683039713209805,11.1511874180099,16.50347707213166
2011-11-19,13.522696387045595,11.153184622721108,15.977713318714102
2011-11-20,13.538059897252314,10.817033457354679,16.05186163003791
2011-11-21,13.425885833612078,10.943175111081736,15.969089542628062
2011-11-22,13.42772473847463,10.715754550071154,15.856483648432226
2011-11-23,13.281431611682786,10.928809017573645,15.763139119933903
2011-11-24,13.217788113217336,10.655914986073299,15.841168041111718
2011-11-25,13.152203216136574,10.541543854959347,15.69813509173241
2011-11-26,13.015777088285738,10.502962528785964,15.85307842962475
2011-11-27,13.052999366145578,10.315092472403938,15.667048070525679
2011-11-28,12.960189568625186,10.4382218258272,15.51846125752767
2011-11-29,12.97853751209253,10.377697480440684,15.569276081158677
2011-11-30,12.845623186480335,10.333915444684216,15.29123564359102
2011-12-01,12.792047128372483,10.082298477728187,15.357319118952509
2011-12-02,12.733136790838572,10.18509023011855,15.302917631598355
2011-12-03,12.600013499809993,9.94130513245523,15.394594467906263
2011-12-04,12.63729104193094,10.26740383695877,15.413256761292546
2011-12-05,12.541513587788652,10.081542680638764,15.17150162106367
2011-12-06,12.554190844623651,9.776587134235033,15.081155664196078
2011-12-07,12.413310008032166,9.905956487907886,15.015892862445705
2011-12-08,12.349955733019451,9.75784554663206,14.846832308702137
2011-12-09,12.280003879305799,9.650341646304595,14.955839706358525
2011-12-10,12.135173940255871,9.752226155854636,14.871435995784413
2011-12-11,12.160711576387353,9.693559141815543,14.76197352807718
2011-12-12,12.053809380077197,9.464437193290435,14.758763124466665
2011-12-13,12.056624223840268,9.472223588041329,14.533261050178144
2011-12-14,11.907771243265767,9.287244625621032,14.266146698896879
2011-12-15,11.838926166774318,9.326259017872026,14.360427015251885
2011-12-16,11.766502235830231,9.272200979919996,14.321599654166363
2011-12-17,11.62268709646422,9.046581847338144,14.286742289357747
2011-12-18,11.653111525154145,8.934925604903077,14.474943531523635
2011-12-19,11.555258514725763,8.890150415189826,14.26522785429447
2011-12-20,11.57147141781212,9.25098100672702,14.2746658963214
2011-12-21,11.440441479880104,8.89262056758781,14.138499045382698
2011-12-22,11.39380668229538,8.774929655558037,13.960555743486355
2011-12-23,11.347828267969355,8.940721131613628,13.639653779532846
2011-12-24,11.234430376262178,8.580678220152233,13.541868716526881
2011-12-25,11.29887460958738,8.476900734642445,13.922480734880885
2011-12-26,11.238177931759623,8.713596209216801,13.798088706904606
2011-12-27,11.294132386811194,8.798033292618316,14.014190601146657
2011-12-28,11.204806683444712,8.64562225301396,13.737855784674343
2011-12-29,11.201161207731884,8.672068111892017,13.647754263112153
2011-12-30,11.198742416864473,8.583154430972144,13.932381948018534
2011-12-31,11.12874156986209,8.57857777815856,13.673286943773867
2012-01-01,11.235689108357814,8.63869024886483,13.770005882744924
2012-01-02,11.215892553102595,8.718971728739877,13.729134123327247
2012-01-03,11.310475859899812,8.830073334617543,13.99326448096756
2012-01-04,11.256899739262241,8.778561685864606,13.826977474853237
2012-01-05,11.285593980498914,8.724965371476593,13.884196315646928
2012-01-06,11.311667244516688,8.714975523945677,13.92435787351256
2012-01-07,11.265978839755082,8.772416628222127,13.947713239873492
2012-01-08,11.392843412343971,8.83395314603887,13.86874701555804
2012-01-09,11.388476104514144,8.864500039713048,14.107488219477053
2012-01-10,11.494035892854225,8.980915539139401,14.176876209766977
2012-01-11,11.447146465095258,8.936233818215609,14.053360999191337
2012-01-12,11.478525621709624,8.891611422367928,14.025372627668789
2012-01-13,11.503688705658178,9.02009815639241,14.334057105463677
2012-01-14,11.454010706900355,8.897078483617868,14.081497114898461
2012-01-15,11.57441819534456,9.16277808217239,14.122587968939516
2012-01-16,11.561818943946506,8.95757374027988,14.072657089890782
2012-01-17,11.658127338692235,8.997871701797312,14.054095623169221
2012-01-18,11.601765387008399,8.726412310466197,14.149399388091648
2012-01-19,11.624270819802533,9.109068881711837,14.29353363966623
2012-01-20,11.641978342168581,9.028664280565945,14.25942151089388
2012-01-21,11.587059259431463,9.193782189916332,14.45202866942191
2012-01-22,11.70519122524188,9.088291843098018,14.291367482464798
2012-01-23,11.693966563711239,8.972974398713653,14.196627223022826
2012-01-24,11.795897834086372,9.247789856065724,14.135310497880779
2012-01-25,11.749900987368196,9.014236073418026,14.40915973268189
2012-01-26,11.787888099547914,9.30846208894471,14.573878816394199
2012-01-27,11.82643616427342,9.225067468198374,14.32578855426518
2012-01-28,11.797817526019209,9.047147008501032,14.258731566073257
2012-01-29,11.947663971691435,9.158573556818132,14.67917228266823
2012-01-30,11.973373113139822,9.444775471863181,14.391304793728327
2012-01-31,12.117115813580513,9.621411316965435,14.510459866621623
2012-02-01,12.117324993234686,9.464305384796473,14.730826010825567
2012-02-02,12.205297686085245,9.610311761114016,14.734752418089196
2012-02-03,12.296876621736878,9.869510630462617,14.856260360556456
2012-02-04,12.32349661366512,9.736499920408196,14.914830360978248
2012-02-05,12.529867388677024,9.888132214279695,15.203634002795305
2012-02-06,12.61240103333974,10.058829097429822,15.256488857476985
2012-02-07,12.812242291884555,10.152649144394998,15.347987330523818
2012-02-08,12.86678148397947,10.302924145672256,15.523106493188784
2012-02-09,13.006281313663578,10.432380096184549,15.619796715931855
2012-02-10,13.145583224717118,10.558022264427425,15.575135275619548
2012-02-11,13.215177963018462,10.563883084584043,15.596951953106482
2012-02-12,13.458911374060143,10.794026438083623,16.018117694594373
2012-02-13,13.572433034601843,11.09332468763235,16.052377160938395
2012-02-14,13.796245420955426,11.224283330600787,16.31297254679977
2012-02-15,13.86723290883326,11.288382806680048,16.42349148236457
2012-02-16,14.015301473297225,11.300125080787954,16.636011979421323
2012-02-17,14.155094422340419,11.69269275058065,16.743537116365122
2012-02-18,14.217068592061713,11.814198871184646,16.79517888564273
2012-02-19,14.445201893924988,11.864521089773849,17.091882360867363
2012-02-20,14.535439773605665,12.063499511867134,17.26088962161105
2012-02-21,14.72873834327928,11.911871190284064,17.35783476175408
2012-02-22,14.762583638584708,12.399163049884644,17.493550572880277
2012-02-23,14.867618117572068,12.162528904924034,17.2646292171387
2012-02-24,14.959340069543678,12.45236388744923,17.7187520762484
2012-02-25,14.969160772661672,12.380360448758225,17.548112215733017
2012-02-26,15.142090767266918,12.515725144834109,17.743590656106523
2012-02-27,15.17516333365535,12.678658208166294,17.791952751775636
2012-02-28,15.310453504349969,12.744015817662069,17.914300002847813
2012-02-29,15.286572654216569,12.854726948674566,18.12510874144935
2012-03-01,15.335270386465641,12.689843707626814,17.957000967638272
2012-03-02,15.373109976243482,12.798898472896516,17.888781139743507
2012-03-03,15.33250278240214,12.817751824166775,17.892823878852944
2012-03-04,15.45937352952391,12.817490686921506,17.927276596300004
2012-03-05,15.45156503417888,12.881915108207988,18.004092760521452
2012-03-06,15.551841128824414,12.822376968439515,18.073193871569586
2012-03-07,15.499368178089822,13.04494663759134,18.016509911362206
2012-03-08,15.526307176718289,13.07388464967295,18.011693438637028
2012-03-09,15.549482876034197,13.011599690457775,18.15997445548831
2012-03-10,15.501415444982815,12.868674730563466,18.12732803183486
2012-03-11,15.627986572426819,13.000041078966841,18.11303809059168
2012-03-12,15.626848499646345,12.863617403258807,18.30504334678142
2012-03-13,15.74043456538206,13.20475674002275,18.19877291864796
2012-03-14,15.707451406881392,13.144985567825772,18.328536917426348
2012-03-15,15.75948448260381,13.204647551002036,18.299197999036554
2012-03-16,15.812682977144707,13.302954316073574,18.11493583993706
2012-03-17,15.798809156666865,13.457416138115688,18.2960738050692
2012-03-18,15.962923604651332,13.471752122496579,18.448359776012886
2012-03-19,16.001814324200083,13.533734675811573,18.68867101948184
2012-03-20,16.15702777432822,13.319848409285337,18.876436565051847
2012-03-21,16.166381470411267,13.583450934760819,18.660162283629436
2012-03-22,16.260589316233542,13.866386639938838,18.936047223785792
2012-03-23,16.354965257896023,13.77851044105308,18.92440863501177
2012-03-24,16.380489897288992,13.905356201163418,19.009292597289104
2012-03-25,16.58151111459832,14.038072864144118,19.21628020806577
2012-03-26,16.654186364887757,14.130678492940326,19.07680158553204
2012-03-27,16.839524461288708,14.128438140387864,19.44214986237305
2012-03-28,16.87490629149663,14.133906897889442,19.27225445648392
2012-03-29,16.99071552608174,14.306349644477873,19.517920305092616
2012-03-30,17.10204487539655,14.742801296128004,19.675785198741508
2012-03-31,17.139762573624118,14.716649803414208,19.747578950250553
2012-04-01,17.348210251407,14.701760028172101,19.97737140999576
2012-04-02,17.42364004003429,14.90073258640599,19.862533181797268
2012-04-03,17.6072489568369,14.857963786354347,20.041628565537216
2012-04-04,17.63669030639192,15.159015519373247,20.20781815727776
2012-04-05,17.742693485174854,15.16618758700129,20.431943945221636
2012-04-06,17.840758106255965,15.142550565734437,20.42749816310707
2012-04-07,17.862207501984372,15.182018342156065,20.3153609278822
2012-04-08,18.051873153609264,15.541474565056035,20.87533755201898
2012-04-09,18.106518275147877,15.522871889927147,20.573227041802895
2012-04-10,18.267858971243356,15.74144568351878,20.799161357416896
2012-04-11,18.2740630492881,15.575336689417519,20.769003170001458
2012-04-12,18.356358185314335,15.737880350934477,21.03058215553836
2012-04-13,18.430715630348825,15.849115087664186,20.983784531758623
2012-04-14,18.428894736841624,15.792158363283185,21.049486695711476
2012-04-15,18.59612002242464,16.106493106092273,21.090167656739755
2012-04-16,18.629499110010038,15.898346787153011,21.216202573181953
2012-04-17,18.771040017625964,16.200718899148285,21.384539523043394
2012-04-18,18.759147874266308,16.318734231334943,21.530821732241602
2012-04-19,18.825232701737804,16.36196138637124,21.12673566086847
2012-04-20,18.885394337963454,16.401016350361285,21.512301848130697
2012-04-21,18.87146962374696,16.330353375753464,21.785791802180153
2012-04-22,19.02871337289967,16.507416801209356,21.450666674187865
2012-04-23,19.05422123540545,16.61593189446221,21.693792534638522
2012-04-24,19.189952674310774,16.577174837963007,21.677510932406033
2012-04-25,19.174233865638264,16.452352913456412,21.862723759028256
2012-04-26,19.238371889515772,16.744406171609924,21.65228845979217
2012-04-27,19.298346020733444,16.924243497741273,21.910134499314257
2012-04-28,19.285860987059984,16.837479323252886,21.834479983872757
2012-04-29,19.44603348359419,16.59309769472363,21.92373915174807
2012-04-30,19.47581985078224,17.00068321944684,22.088664136681196
2012-05-01,19.617042970791154,16.903150006116597,22.234374052414207
2012-05-02,19.60789806678171,17.023111487210745,22.232423141697648
2012-05-03,19.679568693453813,17.32294088516158,22.31976393232745
2012-05-04,19.747918694401125,16.93738054762244,22.32089766197753
2012-05-05,19.744545009613905,16.919655853334167,22.36674399231836
2012-05-06,19.914462683094335,17.32203407858961,22.36730931881626
2012-05-07,19.954530083921146,17.488232779878068,22.47706853946247
2012-05-08,20.10647254116734,17.423256965000316,22.611580682559786
2012-05-09,20.108384257435176,17.513047274576454,22.628853230795038
2012-05-10,20.19133999761172,17.53550514500977,22.806683806258352
2012-05-11,20.271082557057177,17.80938535153887,22.83098240648415
2012-05-12,20.279071133498434,17.647501535362053,22.92077769392663
2012-05-13,20.460162197128394,18.013775528989452,23.006854342940304
2012-05-14,20.51103111160691,17.86509717305999,23.07037522244071
2012-05-15,20.673192931850714,18.224102122453445,23.20489782669936
2012-05-16,20.68450244674692,18.227152536545052,23.26860640314091
2012-05-17,20.7757651370382,18.066124474452362,23.337594696890402
2012-05-18,20.862425189812825,18.28424310953627,23.63047919975036
2012-05-19,20.8756157891621,18.174206904631628,23.401606776417893
2012-05-20,21.0598433265497,18.493903274142987,23.676175279393185
2012-05-21,21.111413783660566,18.517238055656293,23.75034384196449
2012-05-22,21.271459663412337,18.809542166784038,23.755469567618807
2012-05-23,21.277447437173027,18.69473058415151,23.969732378804203
2012-05-24,21.359797030362188,18.76092228639177,23.93296665113037
2012-05-25,21.4335792953504,18.766768174733958,23.785702573090916
2012-05-26,21.429576459147714,18.884431144792906,24.054452505501022
2012-05-27,21.591976924107595,19.049506523341872,24.070442997010968
2012-05-28,21.61681238317544,18.95004692386531,24.245325135266917
2012-05-29,21.74499531656928,19.365211459621346,24.245902520512903
2012-05-30,21.713836520496322,19.184996373815224,24.155703338597448
2012-05-31,21.753673873417128,19.03942938521005,24.344201573344137
2012-06-01,21.77957798236232,19.13772488682987,24.46648346696493
2012-06-02,21.7224194100043,19.274810371605582,24.537039598486427
2012-06-03,21.826568602445462,19.24214441349189,24.490027304651743
2012-06-04,21.78833625774276,19.2438006864275,24.42366574573309
2012-06-05,21.84901202453752,19.147839489942758,24.329014677721737
2012-06-06,21.746381053985694,19.11674312334335,24.261756452247123
2012-06-07,21.711349537909165,19.21060876942281,24.319014219155502
2012-06-08,21.65964486114089,19.31412710456349,24.19043597368035
2012-06-09,21.522875113881433,19.059051832890805,24.149137659882523
2012-06-10,21.546219188756133,19.107893839310037,24.190778371389598
2012-06-11,21.426855363594775,18.91288350619214,23.977027863978837
2012-06-12,21.40698648420869,18.711035906752922,23.860949933536727
2012-06-13,21.225341521247717,18.614359618329004,23.666552317431137
2012-06-14,21.113784959523528,18.447241056854132,23.900214381631866
2012-06-15,20.988999985240937,18.35307406503661,23.378138276335942
2012-06-16,20.783530590764663,18.042575592338764,23.203560722459734
2012-06-17,20.743454211286355,18.55222674395789,23.25748354505269
2012-06-18,20.566793193122354,18.015207644252687,23.17518131625605
2012-06-19,20.496523594387504,17.912626284653896,23.03224949911544
2012-06-20,20.272061489108083,17.58934675757242,22.847399838562666
2012-06-21,20.12585857574411,17.515550115370917,22.677908057527862
2012-06-22,19.975073389377584,17.44411528255193,22.587454351343453
2012-06-23,19.752603520739083,17.01167657939628,22.279951577656398
2012-06-24,19.70475069327416,16.863277417104385,22.368698597075237
2012-06-25,19.529627180378803,17.145885383101373,22.399460197778488
2012-06-26,19.47016218681665,16.82000552352902,21.809536409072145
2012-06-27,19.26558842635039,16.754924377993248,21.74296084520697
2012-06-28,19.148040693775656,16.594718308503722,21.833150271370442
2012-06-29,19.034232664266792,16.38179113038436,21.804476548875474
2012-06-30,18.8564971951711,16.412386769683177,21.68004687705662
2012-07-01,18.860461795244703,16.30825581829507,21.48743003138716
2012-07-02,18.74346750405396,16.207589596616863,21.255720595497777
2012-07-03,18.747589519345972,16.00795351465357,21.362456822064054
2012-07-04,18.611139478939787,16.09474585483908,21.11881536599495
2012-07-05,18.565280839101717,16.135413506029053,21.24295908251962
2012-07-06,18.52572320456996,16.010127015110243,21.226556298636805
2012-07-07,18.423780495818544,15.612000837693591,20.935640479699074
2012-07-08,18.504064227090353,15.838562806260398,21.140752045349693
2012-07-09,18.462919754385613,15.59833794197032,20.975845967995053
2012-07-10,18.541463465051194,16.172240806914107,21.49735890606204
2012-07-11,18.47710047565043,15.951849635641464,20.95242463340993
2012-07-12,18.50015397452032,15.884503571168892,21.07281586896307
2012-07-13,18.525571799951155,16.192928117789343,21.38319049951311
2012-07-14,18.48399492246231,15.950103140819877,20.890587465633896
2012-07-15,18.619458939114008,15.933532712646855,21.26939703702964
2012-07-16,18.627836327971174,15.970320228047564,21.211043132240672
2012-07-17,18.74987737923006,16.23206181951263,21.33375361132752
2012-07-18,18.722729370440632,16.132113756871313,21.115760765395805
2012-07-19,18.776565177284493,16.145885292696295,21.414443472110943
2012-07-20,18.826287017192747,16.27438068439529,21.335623693725367
2012-07-21,18.80259014762024,16.18873303440287,21.3183189494562
2012-07-22,18.949657821778295,16.34221475599934,21.534146969386786
2012-07-23,18.963595479841448,16.46443518277479,21.41411976414818
2012-07-24,19.08546234987826,16.526735427978117,21.751987472921027
2012-07-25,19.052780303680024,16.5981308392925,21.55600781832341
2012-07-26,19.096151448607667,16.55566568369699,21.741896144848837
2012-07-27,19.13095044609656,16.49544300790173,21.702677653105564
2012-07-28,19.088376667680976,16.506016929258344,21.66363041231998
2012-07-29,19.213137768378363,16.597620460104373,21.76860612090177
2012-07-30,19.201872913478724,16.42853469861069,21.735975279932916
2012-07-31,19.29617406568954,16.773967893733705,21.79097957783953
2012-08-01,19.234085379914422,16.72496191526661,22.012873933493243
2012-08-02,19.24671235401816,16.515947494604802,21.7547782864108
2012-08-03,19.249906855578413,16.54684673772635,21.715676945730195
2012-08-04,19.17531322507505,16.638456840928434,21.78914432714294
2012-08-05,19.26804708470909,16.76369153678687,21.82281930518409
2012-08-06,19.225115098591086,16.85890292732799,21.76098216390575
2012-08-07,19.288434063186163,16.669014621015194,21.8625352417024
2012-08-08,19.196329312391086,16.67628238043384,21.54939699170603
2012-08-09,19.18014399174516,16.61221483126672,21.83581166521239
2012-08-10,19.155925201676695,16.558577905539842,21.668957182470887
2012-08-11,19.055472069242082,16.49164704405672,21.403347657607863
2012-08-12,19.124017221430478,16.764317403085375,21.86283755322052
2012-08-13,19.058649740579163,16.594882710647585,21.623484627429367
2012-08-14,19.101337812595684,16.331739983069696,21.69167596210112
2012-08-15,18.990430887079782,16.31484296236326,21.546166954457867
2012-08-16,18.9572727470828,16.377502891885975,21.409160727738616
2012-08-17,18.917891345179264,16.430893347503407,21.83545668657485
2012-08-18,18.80405034003933,16.33230460173913,21.326723669333163
2012-08-19,18.8609337027843,16.267045281618987,21.49242615781415
2012-08-20,18.785571394082933,16.403283559218906,21.4011344676748
2012-08-21,18.819864268925134,16.213121108026595,21.4316842363615
2012-08-22,18.70208800097476,16.08117183703145,21.425116903692498
2012-08-23,18.663507423239825,15.867559325543647,21.13092939133269
2012-08-24,18.62006716565031,15.959183843424654,21.31517890258235
2012-08-25,18.503443570328667,16.13148108701554,21.203841199365435
2012-08-26,18.558729320118456,16.171219529436822,21.03595395808924
2012-08-27,18.48285886353848,15.98357101071062,21.11674267590403
2012-08-28,18.517632887047938,15.908387120918741,21.10587838280979
2012-08-29,18.401221727518045,15.824078976999232,21.145125652493828
2012-08-30,18.364779224904815,15.682657905654017,20.760434139756352
2012-08-31,18.32413299633772,15.915279272139506,20.914936717664578
2012-09-01,18.210836205744716,15.588148850900945,20.806817602245864
2012-09-02,18.269852346208108,15.700131829906999,20.643624525692708
2012-09-03,18.197981184319,15.579796398621735,20.747405535747355
2012-09-04,18.23688416469246,15.61392913219431,20.869466244108885
2012-09-05,18.124589193554137,15.666214570972222,20.59597998572447
2012-09-06,18.092106304458365,15.657934425116183,20.517767294036897
2012-09-07,18.055120166803714,15.55426536989504,20.492836328375418
2012-09-08,17.945044467241893,15.409347782299841,20.387692871016085
2012-09-09,18.006709614911895,15.607478577815549,20.654765991614532
2012-09-10,17.93679183328538,15.319631244883265,20.612889959230895
2012-09-11,17.976841833007352,15.528143584772899,20.404251155951847
2012-09-12,17.864792867223976,15.431965668695351,20.53405052858511
2012-09-13,17.831579545671993,15.392582376673067,20.53106428733032
2012-09-14,17.79283323676819,15.245322833795921,20.688023193493603
2012-09-15,17.6799389568146,15.130929360985851,20.11478738974644
2012-09-16,17.737725071869598,15.079709189043834,20.284418082226416
2012-09-17,17.6628937604179,15.014837802319994,20.131718181957645
2012-09-18,17.697050332227946,15.140734948433304,20.26813957034189
2012-09-19,17.57821112596268,14.979746051271503,20.215656385722905
2012-09-20,17.537421306896523,14.809984583634463,20.334962432809437
2012-09-21,17.49044836617681,14.854414359791368,20.12596332340631
2012-09-22,17.368836222378327,15.019139050037298,19.95907334145643
2012-09-23,17.417591283243635,14.749998589607516,20.02595064075081
2012-09-24,17.333608479132018,14.731796108670649,19.799917417688356
2012-09-25,17.358695457167382,14.798221127410855,19.99925278388557
2012-09-26,17.231074780642526,14.648868093732897,19.852224510674205
2012-09-27,17.18199560249751,14.705159081524531,19.714895583780145
2012-09-28,17.12742078340948,14.584020570985654,19.70388131745994
2012-09-29,16.999074541220182,14.477192035044679,19.5835027433099
2012-09-30,17.042122187069154,14.463651408879269,19.548603726045055
2012-10-01,16.953590162624128,14.132578952050741,19.39952379630258
2012-10-02,16.975384769346473,14.516718109734494,19.440443434017205
2012-10-03,16.845789628745095,13.965383581460303,19.37084717601164
2012-10-04,16.79607352275441,14.338668433703372,19.518892883516553
2012-10-05,16.742174744675815,14.232946618970852,19.259719677510873
2012-10-06,16.615747181074177,13.965625546965871,19.270653336216732
2012-10-07,16.661839782150988,14.15643755839471,19.23614263527086
2012-10-08,16.57731770132658,13.888010913781926,19.087366899383554
2012-10-09,16.603883522050324,14.160531323666289,19.232413533738676
2012-10-10,16.47957859641079,13.833706893899485,19.04087129079224
2012-10-11,16.43539608778832,13.988981925880283,18.98997651125267
2012-10-12,16.386971748882118,13.898500616556909,18.965898923652333
2012-10-13,16.26563751576103,13.622330033797326,18.82961585469914
2012-10-14,16.316109397982082,13.63250014551853,18.975230803488877
2012-10-15,16.23491773445935,13.785017016258792,18.934932850986264
2012-10-16,16.263437993745562,13.74026419161276,18.568750452108905
2012-10-17,16.139401881969853,13.606151193708651,18.814630950413108
2012-10-18,16.093520074517922,13.520409897024818,18.451562302524152
2012-10-19,16.0411823196083,13.361773336041178,18.595142728736306
2012-10-20,15.913519712447243,13.238894754697895,18.318219346492064
2012-10-21,15.955100347672525,13.43740460318709,18.862337734377988
2012-10-22,15.862366165389425,13.09297829875851,18.124877579792088
2012-10-23,15.876668941120831,13.295394159170087,18.46595326771724
2012-10-24,15.735784988022559,13.145822076033706,18.386095965563882
2012-10-25,15.67053973270067,13.122828053284977,18.249926601159327
2012-10-26,15.596507803792726,12.869719915644625,18.05895486966661
2012-10-27,15.445073373196866,13.004472294110055,18.198511325529655
2012-10-28,15.461121952076326,12.813203420512558,18.03558055574653
2012-10-29,15.341471506167125,12.940903181385192,17.848249138081393
2012-10-30,15.327900944678104,13.106689987873182,18.12518471405204
2012-10-31,15.158655708261492,12.750086920678465,17.764074345491814
2012-11-01,15.06506182443511,12.426066905004948,17.573069247833587
2012-11-02,14.96321432186382,12.247552055818577,17.675307013682264
2012-11-03,14.785025034633092,12.172692617740186,17.132460182707167
2012-11-04,14.775901321514038,12.261670112180902,17.334920171917233
2012-11-05,14.63316391067953,12.42661872169156,17.194454869755432
2012-11-06,14.599062283848742,11.835075089063956,17.22945941497043
2012-11-07,14.412267688799146,11.997170728719203,17.028925770431066
2012-11-08,14.304475505630501,11.884123081195206,17.013117905140767
2012-11-09,14.192083198424427,11.556577070577589,16.614283516164107
2012-11-10,14.007229196931252,11.339089806459832,16.546048826091948
2012-11-11,13.995464510572123,11.380645455491791,16.53829007221679
2012-11-12,13.854165517762217,11.327190113076805,16.51362807164521
2012-11-13,13.825546524837891,11.36527202374796,16.522473598116193
2012-11-14,13.648152305502723,11.059171941924124,16.227185633637728
2012-11-15,13.553462405260731,11.039344818213028,16.096318857523023
2012-11-16,13.45757343584036,10.938183455486286,16.055262508487544
2012-11-17,13.292244630806675,10.681432782244444,15.882515965713162
2012-11-18,13.302578325326303,10.648281034314257,15.812899821254815
2012-11-19,13.185443600575681,10.519735089952047,15.892721764509236
2012-11-20,13.182501425938549,10.888006462374527,15.852817425843368
2012-11-21,13.031711196485547,10.50875950633524,15.789021022763137
2012-11-22,12.963950092358164,10.42917027575999,15.659061791986446
2012-11-23,12.894711092068388,10.242314591360957,15.566859414162229
2012-11-24,12.755164493188976,10.039437916220285,15.291210701723584
2012-11-25,12.789854172220219,10.337894422294074,15.552276236047717
2012-11-26,12.695136391277426,10.14679665409832,15.279917886885128
2012-11-27,12.712219062327675,10.076581051069473,15.217047496557715
2012-11-28,12.578680966367086,9.917793539996936,15.153825205369978
2012-11-29,12.525101987881209,9.878396205468821,15.128100037367133
2012-11-30,12.466769874813169,9.863927431613883,14.877826881822154
2012-12-01,12.334748109851557,9.82751073631479,14.914402074538474
2012-12-02,12.373575919452264,9.893762403304578,14.873075958407378
2012-12-03,12.279708091778632,9.771888212999196,14.834221913181683
2012-12-04,12.294552451454479,9.768604964431198,14.767616371210728
2012-12-05,12.155984502065477,9.576782968808141,14.805843921334999
2012-12-06,12.094970388831086,9.387109836956306,14.511058938043128
2012-12-07,12.027263850124779,9.361955980645126,14.582528130619487
2012-12-08,11.884461996867909,9.19591548397163,14.451846672157203
2012-12-09,11.911691235106037,9.201594370723967,14.571527501698585
2012-12-10,11.806031373345954,9.42806592753688,14.54783568348007
2012-12-11,11.80953617305272,9.256711790518484,14.380304554353708
2012-12-12,11.660730303739687,9.18012303818813,14.289670102761528
2012-12-13,11.591214330498325,8.963544834450161,14.237950473299842
2012-12-14,11.517343900792138,8.905448201712307,14.096221590592735
2012-12-15,11.371268444945057,8.986467067382465,13.95214630884949
2012-12-16,11.398601198154886,8.812679316746241,14.029006053908724
2012-12-17,11.296829028462987,8.67672020691906,13.805391145015705
2012-12-18,11.308320741581335,8.733035852020276,13.959908053374608
2012-12-19,11.171814183660825,8.699776436786648,13.546122613005164
2012-12-20,11.119014067695423,8.706534591115282,13.878324318523719
2012-12-21,11.066266917504862,8.461454817076053,13.869109592274802
2012-12-22,10.945598593112774,8.3748254899621,13.517626404967315
2012-12-23,11.002386272009758,8.307510320761043,13.495728934876407
2012-12-24,10.93377335199353,8.492011114158219,13.57878532857396
2012-12-25,10.981685841914738,8.394845486827116,13.410208342640294
2012-12-26,10.884330373022333,8.159432334769809,13.341629231628001
2012-12-27,10.87280548869251,8.22436156152053,13.372495174706797
2012-12-28,10.862792265603506,8.28053903824958,13.624004481215346
2012-12-29,10.785609324933798,8.137298413601274,13.289736172139545
2012-12-30,10.885903648982858,8.287420066466662,13.489262800514224
2012-12-31,10.860085167953022,8.440938135317017,13.350394921357406
2013-01-01,10.949363153790554,8.530391185807973,13.543245859408712
2013-01-02,10.891264010033943,8.163158337436018,13.427693967958437
2013-01-03,10.91626157214461,8.392569492836008,13.6024873495035
2013-01-04,10.939485443365893,8.580110989006547,13.57877256640516
2013-01-05,10.891791926509136,8.403480001615131,13.472075391481138
2013-01-06,11.017468512591648,8.475777133424433,13.626817559731835
2013-01-07,11.01267949309181,8.668431049513266,13.699980008634155
2013-01-08,11.118510402564274,8.532042017999123,13.594659293196042
2013-01-09,11.07249062783623,8.491407300568769,13.624390754699872
2013-01-10,11.105225130484413,8.51534276801306,13.588677804868013
2013-01-11,11.132100730117182,8.624858201732973,13.795041535061449
2013-01-12,11.08435152446468,8.807271238159187,13.600104500968918
2013-01-13,11.206754516272756,8.733891954372645,13.753798944577067
2013-01-14,11.19606321416776,8.57663019968629,13.96054139665928
2013-01-15,11.294037201250022,8.670518962485426,14.031750495439272
2013-01-16,11.238947374260938,8.6762192435796,13.871083534592257
2013-01-17,11.262188236976009,8.486232419070165,13.86971089701453
2013-01-18,11.279963191431674,8.543727626908568,13.964765066565741
2013-01-19,11.224327945315723,8.65416504755441,13.852727188164597
2013-01-20,11.340863679897792,8.835879922070479,13.916698219731892
2013-01-21,11.327088336911764,8.790497887699479,13.86405117141844
2013-01-22,11.425464610625829,8.850730287192045,14.003006938840073
2013-01-23,11.374884925779497,8.818854121422909,13.910414881617541
2013-01-24,11.407265332789967,8.877908316933164,13.956655194693022
2013-01-25,11.439214766701562,8.964880115808459,13.865306539519992
2013-01-26,11.403065232572196,8.608970159069118,13.909322166371503
2013-01-27,11.54453493541211,8.927037407184445,14.324696645871342
2013-01-28,11.561133005909863,9.033002456726349,14.007951155422289
2013-01-29,11.695164611925247,9.102844488310163,14.107879313688313
2013-01-30,11.685216845280806,9.09474549154159,14.21195952099885
2013-01-31,11.7627573259117,9.46349786884688,14.361955938613296
2013-02-01,11.84381188160716,9.290517529243973,14.545259559667354
2013-02-02,11.860006680830008,9.345952634539334,14.45785693260762
2013-02-03,12.056246559081128,9.431427902675983,14.496106848351078
2013-02-04,12.129137826914583,9.671346732188638,14.499089131420977
2013-02-05,12.320013910244178,9.518408131501507,14.78584980602628
2013-02-06,12.366443708224242,10.002170254306218,14.927469135387703
2013-02-07,12.49885405462297,9.882210970178,14.977824935955738
2013-02-08,12.632232047300114,9.944350851163296,15.106138938873112
2013-02-09,12.69719200759638,10.206033384876205,15.266274965374981
2013-02-10,12.93767818835003,10.363143079074554,15.361194546646992
2013-02-11,13.049410906987376,10.676836613220335,15.622263352906376
2013-02-12,13.272933868626952,10.67302644047738,15.793542405337654
2013-02-13,13.345142019953624,10.868646893164145,15.904503599702855
2013-02-14,13.495920830452022,11.047548559489638,16.07027071470245
2013-02-15,13.639862344147712,10.94561947063966,16.11609234834698
2013-02-16,13.707342420818549,10.991036758680755,16.173119222885692
2013-02-17,13.942230029862497,11.393780681729424,16.678911774188904
2013-02-18,14.04033611147306,11.343356843970327,16.570498838544847
2013-02-19,14.242459705854888,11.856963875472667,16.871018284754317
2013-02-20,14.285910725975139,11.547147532708767,16.78765735817451
2013-02-21,14.401140402824085,11.618462825800533,16.6458563989423
2013-02-22,14.503444972545108,11.890014263231249,16.98489242683969
2013-02-23,14.524027338125128,12.011388166487732,17.22723786698565
2013-02-24,14.707687961599744,12.02639842621523,17.309779623393624
2013-02-25,14.751252962587015,12.248936661164509,17.475230916173835
2013-02-26,14.896597641226375,12.237166803280108,17.478644279783342
2013-02-27,14.882145360811474,12.357673118341097,17.526581099870413
2013-02-28,14.9394734066667,12.44460493819734,17.54754075925394
2013-03-01,14.984991990645375,12.357272978488773,17.56229369462455
2013-03-02,14.950981730940846,12.45630543847747,17.43019829136239
2013-03-03,15.08326144175786,12.461874842649008,17.792526057759993
2013-03-04,15.079594754263619,12.443873791840765,17.538825967724208
2013-03-05,15.182694285768914,12.56443003923385,17.672516187651823
2013-03-06,15.131703732291777,12.595493915170392,17.778162278954472
2013-03-07,15.158789871284755,12.636388813957472,17.665401443195005
2013-03-08,15.180810935835686,12.78749728502576,17.558832420471024
2013-03-09,15.13034689712493,12.592147826407084,17.71773713761736
2013-03-10,15.253363607790963,12.612930438120882,17.791754617291573
2013-03-11,15.247619354915775,12.725190612422383,17.807835078247066
2013-03-12,15.35567247671741,12.86595638198457,17.931342613019677
2013-03-13,15.316370268073015,12.626540650820514,17.841837023359787
2013-03-14,15.361450929773742,12.833356409257462,17.915694720375267
2013-03-15,15.407224716432317,12.915844132896313,17.974777135099405
2013-03-16,15.385619448208447,12.81640952703446,17.86019906827778
2013-03-17,15.541861912983403,13.025683310791205,18.150940909532515
2013-03-18,15.572903239384358,12.974128143224137,18.238183240756626
2013-03-19,15.720446397226844,13.142911549654979,18.331088747178725
2013-03-20,15.722455537339984,13.173127474758829,18.259308479268196
2013-03-21,15.809778410709471,13.186183464646142,18.319579149633448
2013-03-22,15.897847518631757,13.217443472211443,18.613010742506045
2013-03-23,15.917744680626035,13.190071899181397,18.47708984381196
2013-03-24,16.113900105167176,13.71121469968784,18.764492681962352
2013-03-25,16.182533649848857,13.588622053726622,18.88494038520039
2013-03-26,16.364696090811606,13.837109940331617,18.796524355057198
2013-03-27,16.397789841374312,13.758784820264268,18.98788662810561
2013-03-28,16.51220015809102,13.896131209985134,19.13510344523814
2013-03-29,16.623002358202424,14.145056310848535,19.135644490662802
2013-03-30,16.66102968289075,13.833376572380875,19.337978324627922
2013-03-31,16.87057291390825,14.254455207370425,19.23587743704244
2013-04-01,16.947819524765222,14.440155485205127,19.603085645415963
2013-04-02,17.133890348341637,14.717775550687222,19.542389068235632
2013-04-03,17.166353423912064,14.489278055866619,19.742579445236913
2013-04-04,17.275846337866682,14.425417618688494,19.91297451884484
2013-04-05,17.377772901871726,14.786824951536481,19.8958701084385
2013-04-06,17.403359156058883,14.840789500282291,20.04647304548738
2013-04-07,17.597340180364657,14.928636122389904,20.035034279017225
2013-04-08,17.65638588177854,15.208295738111653,20.440133736281695
2013-04-09,17.822124125525402,15.291776046000578,20.334152847875632
2013-04-10,17.83264124783374,15.035761389340019,20.558102803956373
2013-04-11,17.919091617250963,15.383324198825862,20.51446684022662
2013-04-12,17.997382409388106,15.434349249879453,20.384074143355143
2013-04-13,17.999218863890015,15.093978497470625,20.47265985319334
2013-04-14,18.169781741065574,15.797332961566788,20.916279952909417
2013-04-15,18.206145327954715,15.606731432179515,20.778165784489392
2013-04-16,18.35029448791152,15.801503166499609,20.89829288173384
2013-04-17,18.34062085955988,15.781553639485292,20.968039122749055
2013-04-18,18.408529882363922,15.558654299777745,20.784930980545468
2013-04-19,18.470124767757333,15.72541933438152,21.151775191925484
2013-04-20,18.457252585882202,15.82303073643815,20.96464025269287
2013-04-21,18.61518403878796,16.024720316267615,21.232106932893956
2013-04-22,18.641035081741997,15.960768747430196,21.087624800869413
2013-04-23,18.77678866464477,16.27655567448994,21.393158925319565
2013-04-24,18.76079645166776,16.17566180396492,21.58022972064276
2013-04-25,18.824391932094418,16.306103533781595,21.424494317039496
2013-04-26,18.88358076981422,16.37858186924233,21.4783852755124
2013-04-27,18.87009329228554,16.35730780998444,21.412205023483217
2013-04-28,19.0290704319217,16.661430479510212,21.53836703898223
2013-04-29,19.05749104367996,16.366547590124288,21.392502257983903
2013-04-30,19.197198660737236,16.57410808610213,21.563687602790836
2013-05-01,19.186407370838424,16.623086679558895,21.9280145717112
2013-05-02,19.256318090811774,16.633549690332575,21.927359378198965
2013-05-03,19.322810995397113,16.56143681091332,21.667113901421033
2013-05-04,19.317498956606915,16.864692189442504,21.821686074921466
2013-05-05,19.485413309711603,16.938492564266937,22.254406448554725
2013-05-06,19.523429919821623,16.98982741722692,21.95744095024083
2013-05-07,19.673293705986687,17.214394302438993,22.37838633940038
2013-05-08,19.673121441558916,17.18769347796421,22.277818122638262
2013-05-09,19.7540142804939,17.099812482914324,22.501554340768674
2013-05-10,19.83174596762563,17.385867454289208,22.5101823701993
2013-05-11,19.837811813451065,17.28721734094028,22.316762994656667
2013-05-12,20.01710998818242,17.41396765828177,22.592524820462646
2013-05-13,20.066363353497543,17.546550135756068,22.88888530574638
2013-05-14,20.227140230386254,17.688640086743188,22.75172608897883
2013-05-15,20.237354151585752,17.85482695978118,22.992869890534568
2013-05-16,20.32787425792315,17.84775887402338,23.016986815377695
2013-05-17,20.414212478334925,17.92966897659879,22.934473973729805
2013-05-18,20.427572721013135,18.016296429176062,23.148557721993367
2013-05-19,20.612533736636696,18.221817933197435,23.270301215333397
2013-05-20,20.665473933065627,17.983071147270795,23.298003264990207
2013-05-21,20.82759655237453,18.299036551334527,23.303708187007878
2013-05-22,20.836435221123903,18.1779389570946,23.33641594382206
2013-05-23,20.922471445438582,18.40150423378156,23.569195659744295
2013-05-24,21.000830054332965,18.475669069037792,23.55240184104024
2013-05-25,21.002337636893195,18.499591996217166,23.43920218449581
2013-05-26,21.171215411585493,18.590096023475812,23.890041497376988
2013-05-27,21.2035145493807,18.58601378357612,23.830389021179162
2013-05-28,21.34015207608513,18.767975005390976,23.790292790577766
2013-05-29,21.318427059545005,18.866569504950125,24.089245147998938
2013-05-30,21.368648337147143,18.85626665567992,23.895853810534188
2013-05-31,21.405839469301,18.77426597844336,23.9919703539132
2013-06-01,21.360805654663977,18.69908663051491,23.957530618694246
2013-06-02,21.477833773301988,18.747631096089318,24.11903559430415
2013-06-03,21.453133210836658,18.85420535721157,24.02725701126538
2013-06-04,21.527875562450397,18.985299473360037,23.95757931256112
2013-06-05,21.439712528376205,18.74799688773572,23.924835009509167
2013-06-06,21.419403218306538,18.759052833246912,24.020748023174537
2013-06-07,21.38251644326983,18.67594215014292,24.06222373667412
2013-06-08,21.260492701457064,18.76336896787897,23.635123257550315
2013-06-09,21.298337033856612,18.748884351693395,23.726274742681714
2013-06-10,21.19305059512066,18.658703705966406,23.891655110613062
2013-06-11,21.186658981989808,18.686525638010316,23.735842975996142
2013-06-12,21.01771703965168,18.364060126380007,23.535595695974624
2013-06-13,20.917921515763148,18.201772847360306,23.533521732638313
2013-06-14,20.80379746080863,18.231151058985827,23.355108924414075
2013-06-15,20.60774341849284,18.116520662054047,23.244894286974926
2013-06-16,20.575706948385896,17.807047378801915,22.891975578771085
2013-06-17,20.405598712481925,17.853475886169747,22.996840587509855
2013-06-18,20.34030356423731,17.748909033098077,22.857522490109403
2013-06-19,20.11916875644243,17.521881344707182,22.53803889993932
2013-06-20,19.974601023151738,17.370115784828048,22.515533869926653
2013-06-21,19.823738799279987,17.294167829219845,22.359484538747736
2013-06-22,19.59948495644787,16.88826724407344,22.26500978543848
2013-06-23,19.548171893350233,17.046786979110763,21.94978518980762
2013-06-24,19.367967461865423,16.54766689330088,21.83934741930032
2013-06-25,19.301880363962358,16.762174080489434,21.741242049333447
2013-06-26,19.089245274177244,16.541011230632787,21.761712263178282
2013-06-27,18.962319519627577,16.334278440256995,21.60428503073776
2013-06-28,18.837957594382594,16.112664396723158,21.49933755397499
2013-06-29,18.64864883618965,15.938283940221563,21.111031000053348
2013-06-30,18.640189990972022,15.981932505430825,21.363433806974953
2013-07-01,18.51010097422033,15.945886891818551,21.0285397886854
2013-07-02,18.500642237691412,15.957270769599129,21.242121330791704
2013-07-03,18.35031372100864,15.856720789521983,20.918227564454437
2013-07-04,18.290466903710062,15.872695469340005,20.885505519429344
2013-07-05,18.2369958851731,15.594919231655602,20.807151975856538
2013-07-06,18.121392447166592,15.473693283932333,20.759278893703375
2013-07-07,18.188436436910944,15.522950340306874,20.6673115765511
2013-07-08,18.134629387869335,15.6599371821685,20.65883084345559
2013-07-09,18.201229400247904,15.521055629366627,20.928832542252312
2013-07-10,18.125766889443703,15.543832652882646,20.794869538971685
2013-07-11,18.138672370744096,15.444595123062136,20.546675600085397
2013-07-12,18.154981892877405,15.556398077949424,20.532755067720604
2013-07-13,18.105404800010277,15.369090262601524,20.726121862455173
2013-07-14,18.234024930700897,15.812580752928156,20.907642359996782
2013-07-15,18.236742992235445,15.48016125025223,20.692316859746466
2013-07-16,18.35431800741636,15.921205458719768,21.127485555098037
2013-07-17,18.323887372877874,15.834514232631568,21.253178297001487
2013-07-18,18.375596684106597,15.733084925072763,20.896329711962608
2013-07-19,18.42430498146318,16.032120734747586,20.8380953900339
2013-07-20,18.40065019068649,15.538306712453792,20.981734746882427
2013-07-21,18.548746008461737,15.955781304385663,21.251266108249894
2013-07-22,18.56461815651101,16.272085880172643,21.30249651804568
2013-07-23,18.689238123093336,16.10234761561,21.099522429549353
2013-07-24,18.660034182465,16.127968318380027,21.25914007851582
2013-07-25,18.707511120975052,16.278130033500823,21.360066136551858
2013-07-26,18.746944611542347,16.152953752501077,21.325529628690067
2013-07-27,18.709435303191587,16.135105180959673,21.349313050407932
2013-07-28,18.839594167089288,16.33602133208578,21.540841474892243
2013-07-29,18.833967303263638,16.239517401477126,21.43205390509021
2013-07-30,18.934058590300545,16.19429597222195,21.568532060934988
2013-07-31,18.877830208137564,16.41009404648316,21.587741913781997
2013-08-01,18.896312672820144,16.40547238928917,21.33188800916012
2013-08-02,18.90529050126332,16.159819651650224,21.50706595921651
2013-08-03,18.83634871172511,16.42812181129867,21.251254159011605
2013-08-04,18.934551801083003,16.368666913163292,21.523918469073568
2013-08-05,18.896863462487996,16.40540710250774,21.45885306608649
2013-08-06,18.965165445164075,16.250469303208504,21.605638935995216
2013-08-07,18.8777555676229,16.31052139699984,21.459225472610935
2013-08-08,18.86595646863591,16.31399061298307,21.547007984837087
2013-08-09,18.845801127472395,16.1853527692487,21.48294115480317
2013-08-10,18.74908024510711,16.258680247060862,21.3143134906698
2013-08-11,18.82102299117663,16.288890977140223,21.282315051332947
2013-08-12,18.75871922737365,16.122982138438346,21.26745222706992
2013-08-13,18.80414144554281,16.065449703284653,21.38837091379874
2013-08-14,18.695646263741036,15.972290107523229,21.36904660005491
2013-08-15,18.66458689805948,16.116745753406637,21.14350589006683
2013-08-16,18.62700248231794,16.118015838770976,21.208712496321965
2013-08-17,18.514669180295655,15.784384557115976,20.996141174112854
2013-08-18,18.57278446513814,15.828435036169006,21.18905965342471
2013-08-19,18.498392567193047,15.875648637719571,20.969184778819532
2013-08-20,18.533409242696095,15.983840948570478,21.13256651557179
2013-08-21,18.416125646255026,16.01531827013894,20.90717070872666
2013-08-22,18.37782269108463,15.879617916771162,20.990745709206536
2013-08-23,18.334461761644377,15.756322942374666,20.91582364876422
2013-08-24,18.217736741191423,15.499068346570361,20.656175908480925
2013-08-25,18.272758770091738,15.48146293897274,20.89067121587597
2013-08-26,18.196481797801372,15.685800575732568,20.73974052749228
2013-08-27,18.230727159564825,15.604286261287726,20.57593961379492
2013-08-28,18.113687052207432,15.497117137376673,20.610827975230606
2013-08-29,18.076538392656786,15.612116291268316,20.472132868293397
2013-08-30,18.035133026991932,15.510197349650358,20.59925875653776
2013-08-31,17.921049354271027,15.299671959592402,20.398007329670605
2013-09-01,17.979276876551697,15.465317839831886,20.42691179584639
2013-09-02,17.90664182297063,15.124655303539862,20.378603466316427
2013-09-03,17.94483214922951,15.407713145743616,20.630248265621805
2013-09-04,17.83190183912338,15.17156620076088,20.46006735511629
2013-09-05,17.798886023254536,15.249139456878112,20.35836355017353
2013-09-06,17.761492891648256,15.136321731193464,20.285926349583654
2013-09-07,17.651157449883318,15.067454289622571,20.3183802536925
2013-09-08,17.71272859192767,15.340873790420925,20.27447927616755
2013-09-09,17.642897576685662,15.182744737752882,20.281044734953692
2013-09-10,17.68322612793278,15.110632341294599,20.256448542930343
2013-09-11,17.571653984502646,14.773910597960429,20.143579655712312
2013-09-12,17.53911730149048,14.878775123126278,20.014891932604346
2013-09-13,17.501243754300685,14.823313246946139,20.030736413687364
2013-09-14,17.389409264442424,14.905130010405484,19.831337634547275
2013-09-15,17.44842768866581,14.817491893836504,20.241282572377678
2013-09-16,17.374981431186363,14.887688922336602,20.073973300354623
2013-09-17,17.410651080874715,15.040464182887854,19.991764555529823
2013-09-18,17.293423796915665,14.62154088250279,20.0868929988153
2013-09-19,17.254311759371653,14.618314557732603,19.74030957121097
2013-09-20,17.209046475238654,14.678895294208392,19.71731353235145
2013-09-21,17.08913382405167,14.67703561828874,19.666275829209365
2013-09-22,17.13954117875511,14.425907516946952,19.895734859736482
2013-09-23,17.057124586183534,14.671426045294291,19.720829373437457
2013-09-24,17.083654164683406,14.467946420394581,19.579221960049136
2013-09-25,16.957317528566414,14.39245536692581,19.528663457380684
2013-09-26,16.90933267094891,14.392836376830815,19.37469543044329
2013-09-27,16.8556362370019,14.333700011278875,19.261811913983557
2013-09-28,16.727932235742852,14.098489320637059,19.350379254847034
2013-09-29,16.771372708365007,14.049335731088838,19.41943694827625
2013-09-30,16.68297853256222,14.002840374168143,19.276820488910772
2013-10-01,16.70465872250248,13.992855403742306,19.276617435763022
2013-10-02,16.574708236933958,14.11691306977504,19.337335918115333
2013-10-03,16.524415923877978,13.869102757556686,19.015030416951095
2013-10-04,16.469748718367956,13.792176063955047,19.061274023109654
2013-10-05,16.342397306961185,14.05014542648275,19.085489426764205
2013-10-06,16.38745491773678,13.858555204731118,18.8038956799528
2013-10-07,16.301837525736406,13.558030059217794,19.025726600318688
2013-10-08,16.327303909142117,13.682612575278917,18.72963545149827
2013-10-09,16.20195560582897,13.650054014180874,18.779390733723687
2013-10-10,16.156848394880516,13.590767781067214,18.776040829597296
2013-10-11,16.10768137327916,13.371710611106163,18.691042623854333
2013-10-12,15.985848752859106,13.585415697292557,18.5492791400809
2013-10-13,16.036125906411968,13.202144488524539,18.5641827495611
2013-10-14,15.955097784535734,13.455617744274853,18.641688027766385
2013-10-15,15.98418793539638,13.462469731207442,18.4672332257096
2013-10-16,15.861167944213816,13.521191636304462,18.355442235063343
2013-10-17,15.81677866058093,13.283399061188474,18.53175670258064
2013-10-18,15.766429010668798,12.979031873130097,18.26525080397645
2013-10-19,15.64125723722006,13.264868258177753,18.282587415439398
2013-10-20,15.68582581317834,13.040175561494847,18.188665501178498
2013-10-21,15.59655787499,12.925693904398159,18.239781214489
2013-10-22,15.61477314813311,13.00070332960296,18.058420143506066
2013-10-23,15.478202946094635,12.807775278068005,17.942771287528146
2013-10-24,15.417615406995818,13.029376862345039,18.032769396146453
2013-10-25,15.348516599557557,12.820316482962628,17.837037786800554
2013-10-26,15.2022122204236,12.68920242403102,17.876326224226784
2013-10-27,15.223501056980894,12.782954153994107,17.95512294599772
2013-10-28,15.109108042643879,12.597010135131589,17.59004571887401
2013-10-29,15.10071491260011,12.354670351157544,17.741844577546445
2013-10-30,14.936468131623384,12.505853148651836,17.608349323087843
2013-10-31,14.847595402219108,12.191647142607987,17.465359354912522
2013-11-01,14.750096579760813,12.409626086663163,17.466543189135503
2013-11-02,14.575793958083912,11.866475210766318,17.10970731954955
2013-11-03,14.570013381849632,11.905108370713341,17.236347522478646
2013-11-04,14.430004328345648,11.923216271558042,16.880445096940335
2013-11-05,14.397957307756592,11.809377993011543,16.8277649620871
2013-11-06,14.212498610659635,11.676157786235692,16.785028947884175
2013-11-07,14.10529407449169,11.353527814471553,16.542458722052995
2013-11-08,13.99272805522364,11.434237490785964,16.529419139362265
2013-11-09,13.806942913098514,11.217904538397594,16.375139070906084
2013-11-10,13.793510789834503,11.170791625239648,16.353796625976905
2013-11-11,13.649846107145125,11.042622103758923,16.445687768857184
2013-11-12,13.618217380093096,11.008184944199309,16.348523074763108
2013-11-13,13.437238568015529,10.733756042800819,16.15834796902368
2013-11-14,13.338471771832172,10.779686945414321,15.997760240567855
2013-11-15,13.238107539102796,10.676621762012731,15.76345077548997
2013-11-16,13.068008095657145,10.558417686502594,15.811638328668833
2013-11-17,13.07338522444977,10.28234088400302,15.77448749305761
2013-11-18,12.95122109847078,10.278055147143888,15.488575191227454
2013-11-19,12.943290474135082,10.336000333921474,15.601572440033365
2013-11-20,12.787664220900215,10.244074450412757,15.405216837427991
2013-11-21,12.715325694876055,10.257699172510506,15.103322208760403
2013-11-22,12.64186587024663,10.191531134237337,15.302659049806842
2013-11-23,12.498542162170887,9.856059820154758,15.08521602438812
2013-11-24,12.529972249269894,9.957406724632117,15.092835245113868
2013-11-25,12.432570773596485,9.836960640557653,15.074811247681414
2013-11-26,12.447586890976838,9.739316104111342,14.936951849454521
2013-11-27,12.313058852848068,9.608217226543283,14.758901866502942
2013-11-28,12.259133562884873,9.770885130049356,14.951369419121509
2013-11-29,12.201082961845989,9.478931110646617,14.70958442052355
2013-11-30,12.069935525071303,9.591563196393544,14.619262284529011
2013-12-01,12.11017705639196,9.430328164198327,14.456922387432448
2013-12-02,12.018191803198803,9.302744096013546,14.650211797816008
2013-12-03,12.035301711341893,9.47182299243543,14.559235735069697
2013-12-04,11.899283287869864,9.345674684315068,14.35187192741371
2013-12-05,11.8409931669046,9.342986109609681,14.324372683648418
2013-12-06,11.776067988051295,9.24325137318522,14.419595942265937
2013-12-07,11.635983334622694,9.075173941899102,14.273654447155097
2013-12-08,11.665742978179203,9.017708762131331,14.193850692973367
2013-12-09,11.562306373926916,8.940538374512686,14.225502324481864
2013-12-10,11.56761257455539,9.031973705007442,14.185201361033647
2013-12-11,11.420080431205559,8.849104404227436,13.978566750618702
2013-12-12,11.351216618828152,8.99767001251028,14.171949368338534
2013-12-13,11.277297566844352,8.579419799883087,13.838078364973242
2013-12-14,11.130410530760955,8.666822793400046,13.734867121023596
2013-12-15,11.156125543144675,8.48117392522879,13.729232281745405
2013-12-16,11.051906670364833,8.532950793512066,13.457234731455607
2013-12-17,11.060121201103252,8.367646027564161,13.608220490061568
2013-12-18,10.919527057314092,8.328861498852833,13.317030793785824
2013-12-19,10.861870338422856,8.233773169096638,13.511234251532013
2013-12-20,10.803559393867939,8.06380211085683,13.529628085178713
2013-12-21,10.67670090518789,8.033702026988582,13.100999447654404
2013-12-22,10.726769885409526,7.870620954575119,13.129462836546809
2013-12-23,10.651022109851843,8.187259626104781,13.290265127767844
2013-12-24,10.69150760706534,8.011468054134529,13.418750267506594
2013-12-25,10.58656541739216,8.137580908905266,13.167963872375909
2013-12-26,10.567431362180859,8.01559241546198,13.098319244742868
2013-12-27,10.549924970211057,7.912457967699667,13.265073665139617
2013-12-28,10.465500719140831,7.956817789057598,13.00300724535542
2013-12-29,10.55893510969586,7.894149994594895,13.102709904513633
2013-12-30,10.526757639991708,8.005407900092674,13.125093393751248
2013-12-31,10.610283817026428,8.164782602798475,13.015972317302957
2014-01-01,10.547129889216592,7.832002028457872,13.08320424789955
2014-01-02,10.567840501468051,8.132590826965046,13.157228040980435
2014-01-03,10.587594874530076,8.188102611323133,13.187325536096518
2014-01-04,10.537276133219247,7.947754660983392,13.112598307047564
2014-01-05,10.661174794262003,8.131425041536678,13.49543638872938
2014-01-06,10.655434014500468,7.991419923812672,13.2348909738074
2014-01-07,10.761094323275103,8.424083204623937,13.269510182977065
2014-01-08,10.715617174771694,8.150403482698895,13.305048379616233
2014-01-09,10.749518248952047,8.116531415128222,13.438720115314554
2014-01-10,10.778075913216012,8.249069840044136,13.269284062889083
2014-01-11,10.732399368932352,8.108890953907888,13.225443598654747
2014-01-12,10.857127485769071,8.38633002754293,13.670000492347825
2014-01-13,10.848866010389981,8.45129097544512,13.486775745537415
2014-01-14,10.94922105122905,8.346773300436844,13.752892200683053
2014-01-15,10.896308441070428,8.37864602917035,13.472231757805517
2014-01-16,10.921370253559665,8.32282393637176,13.520968141918566
2014-01-17,10.940464306137432,8.522307431184826,13.683842298670992
2014-01-18,10.885511655984875,8.26630425853589,13.568115229456046
2014-01-19,11.001973623972493,8.568447041632972,13.59258495610692
2014-01-20,10.987266600915145,8.3802159303364,13.611267488789371
2014-01-21,11.08377312635869,8.517420770450597,13.50861082161049
2014-01-22,11.03032943525433,8.39215920410492,13.454205741334123
2014-01-23,11.058821331633606,8.516460383281547,13.698252463964131
2014-01-24,11.085854778450848,8.404446610017798,13.58219120044141
2014-01-25,11.043786725613057,8.316962962223617,13.676986049538911
2014-01-26,11.17838817136574,8.629790993142127,13.768322021395504
2014-01-27,11.187248103786395,8.585419457834682,13.906768354873455
2014-01-28,11.31277712650363,8.720274835141321,13.992107126603239
2014-01-29,11.293691190666564,8.653240554081078,13.812195077077444
2014-01-30,11.361607425242436,8.763653813409963,13.819692294328227
2014-01-31,11.432718490209563,8.921971635305596,13.891589396622674
2014-02-01,11.438830911045425,8.864866970564954,14.0863887053554
2014-02-02,11.625039228406685,8.998037577233093,14.075195743107905
2014-02-03,11.68814435464654,9.214534613039428,14.383334128964698
2014-02-04,11.869674598744027,9.249221118618285,14.547874865484522
2014-02-05,11.907389360406423,9.354169010697325,14.599555106939775
2014-02-06,12.031896996235663,9.396881221350156,14.605761238333338
2014-02-07,12.158352738053999,9.444886462497513,14.81269857923003
2014-02-08,12.217521536130382,9.51588484243282,14.805493903817155
2014-02-09,12.45347704955119,9.75181775305927,14.928090552631476
2014-02-10,12.562044553629333,10.071471071016257,15.22693107972316
2014-02-11,12.783845610243675,10.128186469920903,15.520109282616795
2014-02-12,12.855823908218703,10.22508511484798,15.463945802592054
2014-02-13,13.007883220441425,10.427395754561788,15.555805295734089
2014-02-14,13.154602853441773,10.700543391054815,15.720684490577407
2014-02-15,13.22631502266677,10.49809769366142,15.79595014707612
2014-02-16,13.46681501226928,11.080773814862582,15.923470383683794
2014-02-17,13.571811611283396,11.053998833160374,16.232385460330697
2014-02-18,13.781975486361013,11.11978742444698,16.25707502386599
2014-02-19,13.834464809364139,11.090660204352526,16.283732652241092
2014-02-20,13.959559096523039,11.274967386697798,16.532134067947972
2014-02-21,14.072366743130788,11.550595556323877,16.589198420568717
2014-02-22,14.103890890231401,11.468387868322926,16.68847718634159
2014-02-23,14.298724774728045,11.660838636790455,16.99608377896397
2014-02-24,14.353484428662478,11.866696861022184,16.984474102911182
2014-02-25,14.50983683302685,11.874722280258622,17.164180330593815
2014-02-26,14.506003348919291,11.955905688035346,17.052566534184187
2014-02-27,14.57336993328885,11.957989724580566,16.94560144817736
2014-02-28,14.628170205275806,12.130687969968582,17.365570696834645
2014-03-01,14.602526597987447,12.171759083356223,17.10599243282037
2014-03-02,14.742121346310922,12.126046668162722,17.35443605313199
2014-03-03,14.744605761144426,12.080026151367408,17.37579879425106
2014-03-04,14.852606450573544,12.39137082752148,17.441167029950403
2014-03-05,14.805208822571979,12.196321113917081,17.429985905777603
2014-03-06,14.834549832162466,12.141333744108332,17.409809549515707
2014-03-07,14.857486427572839,12.484132778299259,17.454143549163692
2014-03-08,14.806625242433567,12.252658857243416,17.50667762155311
2014-03-09,14.927985513400209,12.299849312249254,17.554415433596947
2014-03-10,14.919403814205781,12.647262100914508,17.562423103317563
2014-03-11,15.023539316691945,12.410198599387943,17.43552367005875
2014-03-12,14.97935987288227,12.29607012526064,17.391501265122464
2014-03-13,15.01874075239633,12.56207635587399,17.738024945431597
2014-03-14,15.058142277697621,12.27815168713439,17.669874425539778
2014-03-15,15.02965161566687,12.344869597063838,17.532748364837964
2014-03-16,15.178660348620062,12.344954373671554,17.63865341469902
2014-03-17,15.20228600224785,12.581762278670263,17.772781830774647
2014-03-18,15.342395782112956,12.799672864777184,17.914710125254004
2014-03-19,15.337112321277763,12.720069739868945,18.02508565156875
2014-03-20,15.417432762826682,12.84120670346841,18.046667521220094
2014-03-21,15.498926903967364,12.78456106890858,18.184356364616445
2014-03-22,15.512799152799303,12.91838631635107,18.05099615912865
2014-03-23,15.703585435063744,13.314650927759986,18.49216346144827
2014-03-24,15.76759277650735,13.101388853324172,18.439348384878986
2014-03-25,15.945939405813707,13.461841866871188,18.425937245665818
2014-03-26,15.97607482889848,13.42017105600301,18.516243879883664
2014-03-27,16.088410909511676,13.367970788982598,18.88876261392332
2014-03-28,16.198029463143342,13.808683266947904,18.71366330464869
2014-03-29,16.23575096883954,13.658394888905809,18.72734388518844
2014-03-30,16.445835465071067,13.797058231919278,18.97808805102732
2014-03-31,16.52442335924154,13.82217981630133,19.21151191174498
2014-04-01,16.712574072701823,14.121853085665364,19.44780769381628
2014-04-02,16.747782117791797,14.137027497893005,19.35640810547502
2014-04-03,16.860601850322645,14.262016451339973,19.446328349570983
2014-04-04,16.966346668136126,14.267117699423032,19.624176340654788
2014-04-05,16.9961475701317,14.449901178755873,19.464163162246063
2014-04-06,17.194642487733137,14.511654122833875,19.800548789857903
2014-04-07,17.258404489409042,14.714031080793099,19.833420060629745
2014-04-08,17.428967164998518,14.92478940176645,20.053628063020124
2014-04-09,17.444327173684343,14.868647740584779,19.767534114803727
2014-04-10,17.53555557758578,15.003296547967402,20.200607526559015
2014-04-11,17.61848409070369,15.130646153045031,20.06845525668503
2014-04-12,17.62475148748368,15.074582941600001,20.315423611681716
2014-04-13,17.79948187485961,15.270794419856694,20.375822216762966
2014-04-14,17.83970317500334,15.248742374286937,20.244097220729255
2014-04-15,17.987364321038115,15.203204223393076,20.500534900893342
2014-04-16,17.980831289847814,15.32407411417401,20.48817071854454
2014-04-17,18.051493676701423,15.389864327958392,20.70226809631877
2014-04-18,18.11544796609033,15.443438954251395,20.755405688955168
2014-04-19,18.104542710910476,15.401295346316616,20.52117137433494
2014-04-20,18.264057237905327,15.789319085208573,20.7627866865349
2014-04-21,18.29112209141334,15.654176722696013,20.834151498408477
2014-04-22,18.42773953929091,15.77323043862457,20.900253489072913
2014-04-23,18.41228405078006,15.849395440995805,21.02962391171934
2014-04-24,18.476114208890262,15.789451010595783,20.97275217563762
2014-04-25,18.535261950688785,16.002245908650597,21.0617313798461
2014-04-26,18.521484077066233,15.987261016104178,20.898814952398716
2014-04-27,18.679947379209896,16.041126000084194,21.3737501891315
2014-04-28,18.707655332269972,16.134359750544522,21.271430401466947
2014-04-29,18.84647443644552,16.147289492015755,21.35366384639273
2014-04-30,18.83463989752864,16.249479432846243,21.335884235042485
2014-05-01,18.9033719247304,16.496032033021102,21.43459288195714
2014-05-02,18.96856839324894,16.2731807009937,21.551209587617144
2014-05-03,18.961858710486748,16.479375762042473,21.70248543949362
2014-05-04,19.128290176726267,16.70336927617807,21.736667900108138
2014-05-05,19.164754781955406,16.705035470245406,21.67718930545647
2014-05-06,19.313014557636297,16.580786132795595,22.0124119710271
2014-05-07,19.311205259578536,16.732797160915766,21.966320533643167
2014-05-08,19.390449786049203,16.757358079957296,21.94223791912854
2014-05-09,19.466547242298738,16.724765824519448,21.863175085854785
2014-05-10,19.471022685522648,16.92600340659572,22.137462714954452
2014-05-11,19.648809060512775,17.167558276754235,22.382056303709792
2014-05-12,19.696669503541035,17.059588534148695,22.117991140607266
2014-05-13,19.85621837712102,17.242684586017106,22.47364419176636
2014-05-14,19.865421054838052,17.37653608685318,22.51539572582047
2014-05-15,19.955204093871036,17.358558480032432,22.61638543178539
2014-05-16,20.041141921813967,17.193249635386415,22.41023213016732
2014-05-17,20.05450526121747,17.781625441306282,22.521389708663886
2014-05-18,20.239942958305733,17.771777784598033,22.8918308540688
2014-05-19,20.293905510293854,17.760157366761746,22.889817543488107
2014-05-20,20.45766872654535,17.97821744894506,23.25501775860921
2014-05-21,20.468837567585034,17.91310453638445,23.071280427092308
2014-05-22,20.557961774574817,17.93188099269591,23.10012745922554
2014-05-23,20.64022934057438,18.090134394637175,23.272994476728456
2014-05-24,20.647224144312222,18.08488577816539,23.20405442868464
2014-05-25,20.82251313342892,18.13892061077131,23.375249525597166
2014-05-26,20.862183355970387,18.27772906078678,23.578645687655055
2014-05-27,21.00717480845907,18.5957545981693,23.571222480490725
2014-05-28,20.99479497398063,18.33691424633371,23.690940356090916
2014-05-29,21.05534514005335,18.499744345382098,23.54381186030069
2014-05-30,21.103824233323348,18.756930523692485,23.583505554420896
2014-05-31,21.07099495184678,18.566439997333084,23.86525975229565
2014-06-01,21.201083377871555,18.833796631478833,23.831143216487103
2014-06-02,21.190219854789227,18.564506768763252,23.6347753002053
2014-06-03,21.279479040346683,18.91114651567623,23.696204956767193
2014-06-04,21.20639866000905,18.621577389151618,23.71524630986484
2014-06-05,21.20160807162588,18.58193373785501,23.95794762946482
2014-06-06,21.18053222530148,18.714737375966507,23.762403142561467
2014-06-07,21.074455698732923,18.306682692463237,23.714973159526743
2014-06-08,21.12821794705269,18.448341521782925,23.491739618719702
2014-06-09,21.03864756605379,18.42228976263206,23.620509405067708
2014-06-10,21.04759355590958,18.431067016863583,23.738006130802496
2014-06-11,20.893433243258553,18.441317381215594,23.537444658636957
2014-06-12,20.807688163143002,18.348599414688348,23.398014856815102
2014-06-13,20.7067137272301,18.24939754385109,23.18095713684788
2014-06-14,20.52274764762985,17.741391662641544,23.09902002644484
2014-06-15,20.501588583927195,17.91171462927864,23.05986846716293
2014-06-16,20.341013172201848,17.742016840349905,22.851616419190975
2014-06-17,20.28378980534447,17.547939733399563,22.638573257970567
2014-06-18,20.069169217214135,17.476371657539246,22.783288713988814
2014-06-19,19.929483569141453,17.392779622877338,22.5755972669726
2014-06-20,19.781820254272787,17.3065907491956,22.305628919893127
2014-06-21,19.55905576007306,16.94075707472814,22.08043015520757
2014-06-22,19.507521399838627,17.168161188472936,22.132280712869388
2014-06-23,19.32540937854486,16.585134947177146,21.872555521763534
2014-06-24,19.255777824159573,16.75949773614043,21.766864032403635
2014-06-25,19.03803504727433,16.512415863820813,21.663807903289864
2014-06-26,18.904534880876525,16.278172811907645,21.494816479178898
2014-06-27,18.772249408176602,16.166927904065627,21.419434618454492
2014-06-28,18.573804447967778,15.96106000244685,21.062964286681506
2014-06-29,18.55514957368594,16.038646619687434,21.10304059218855
2014-06-30,18.413971033961843,15.811610676337727,20.994132529791006
2014-07-01,18.39270604813758,15.68848221202156,20.78808654435335
2014-07-02,18.230038526079703,15.500698093623305,20.865892308428105
2014-07-03,18.157507800432484,15.73095747994729,20.726274223780937
2014-07-04,18.09119637236483,15.639989884716387,20.746575795181954
2014-07-05,17.96278169833074,15.222250030329727,20.510022093189505
2014-07-06,18.017223425823232,15.507623746424683,20.689626530584125
2014-07-07,17.951194061046223,15.615382797466355,20.60470750407261
2014-07-08,18.006111150232364,15.341926120871268,20.42526619291194
2014-07-09,17.91965063521784,15.13968968133937,20.682083649170746
2014-07-10,17.922372595425777,15.3074344072336,20.548763867570624
2014-07-11,17.929425023227854,15.256937562211201,20.38545956418054
2014-07-12,17.871610336549576,15.230780642740575,20.254109714861
2014-07-13,17.993085750993906,15.578131338345893,20.666999732439233
2014-07-14,17.98980525310503,15.485290889327755,20.448816074246942
2014-07-15,18.102561064673445,15.474654553543608,20.718482015582726
2014-07-16,18.068504120093166,15.475928944886633,20.73165799679578
2014-07-17,18.117774685727706,15.422273688137723,20.638767409614374
2014-07-18,18.165208741179875,15.78944084200607,20.73950358675824
2014-07-19,18.141404854502166,15.51759164518492,20.708550352788574
2014-07-20,18.290422754811136,15.72105923624786,20.677673799223978
2014-07-21,18.308221474362174,15.974640397299817,20.980232747866918
2014-07-22,18.43569512485585,15.680671068524907,20.881279572132467
2014-07-23,18.410186043220055,15.862204563938956,21.005150923878084
2014-07-24,18.462106680598946,16.04355704325898,20.981094311148446
2014-07-25,18.50663612316859,15.854685311862912,20.963198639292653
2014-07-26,18.474776261559498,15.914831043643728,21.067128448661496
2014-07-27,18.611039104859543,16.085818907889067,21.173714343427253
2014-07-28,18.611873403456386,16.020426338063416,21.142701698475932
2014-07-29,18.718688929444536,16.14239654689806,21.384060727348597
2014-07-30,18.6693584182206,16.070468191551853,21.341342632906898
2014-07-31,18.69482879107835,16.18134887614768,21.115903031091932
2014-08-01,18.710807765440222,16.06255129542603,21.385822725831293
2014-08-02,18.648811054619713,16.033834051138797,21.264629047759488
2014-08-03,18.753841801691546,16.210849092627246,21.58398662819407
2014-08-04,18.722810521360106,15.961609311227633,21.394829697056917
2014-08-05,18.79755396800644,16.34550668424263,21.65477041734608
2014-08-06,18.716332962902328,16.1414285078385,21.237686470012843
2014-08-07,18.710440790922522,16.26999419846065,21.42522230499828
2014-08-08,18.695888227473848,16.308054207030036,21.217187735141557
2014-08-09,18.604450318619495,16.10188717544209,21.215236324806465
2014-08-10,18.68134645137265,16.05928472495459,21.170033270902238
2014-08-11,18.623661856790143,16.180492011627575,21.32053390318486
2014-08-12,18.673368814766782,16.03742580591215,20.85668283589105
2014-08-13,18.568827432082465,15.96787012828274,21.174420539221853
2014-08-14,18.541397436596206,15.895955804316154,21.02341335393646
2014-08-15,18.507126880836065,15.980373931489025,20.95883351203476
2014-08-16,18.39780271628398,15.754241485930617,20.83632197895835
2014-08-17,18.458634624728052,15.99258490251246,20.915412594126792
2014-08-18,18.386680114578013,15.901710452794811,20.974611345950965
2014-08-19,18.423869036112368,15.737685437591791,20.906181888531336
2014-08-20,18.308507295255264,15.583234348212342,20.877368594076163
2014-08-21,18.27189114194485,15.872476617315678,20.79821237664578
2014-08-22,18.229997885865227,15.797741113603578,20.989762859937773
2014-08-23,18.114537986821244,15.532054700956758,20.701034866082654
2014-08-24,18.170639917833533,15.53900192588604,20.56239771863109
2014-08-25,18.095275844421554,15.62303914027813,20.66516397046989
2014-08-26,18.13028633091049,15.58258197750374,20.80917176069522
2014-08-27,18.01388392810736,15.313171586878681,20.61030948631343
2014-08-28,17.977267107053727,15.26153040925135,20.40005223899971
2014-08-29,17.936310489676558,15.156595697683775,20.33682383677852
2014-08-30,17.822616426371958,15.11797104978863,20.380379461802235
2014-08-31,17.881199421124794,15.154447241199643,20.605297401801213
2014-09-01,17.808911545194935,15.129425844083741,20.479867667321592
2014-09-02,17.847467138195288,15.349506297484682,20.356208261437192
2014-09-03,17.7349467252308,15.013773722632104,20.400391193645298
2014-09-04,17.70241167184277,15.012665905066633,20.36902657453024
2014-09-05,17.665595564498634,15.286820913966688,20.370939606374208
2014-09-06,17.555957381343557,14.976374644152974,20.009867167529187
2014-09-07,17.618367945109192,15.071636302239591,20.12324252875374
2014-09-08,17.549537766832525,14.856228400310467,20.216109246004056
2014-09-09,17.591044523872956,15.068754286563712,19.903676107328454
2014-09-10,17.480840024203435,14.836652425434702,20.083466249957777
2014-09-11,17.449868083182494,14.740610665842249,19.894004752350885
2014-09-12,17.41375918944697,14.886138737083495,20.114947511269392
2014-09-13,17.303886901969943,14.480939632094097,19.882417358902195
2014-09-14,17.36505734046884,14.751982513225004,19.985473739914255
2014-09-15,17.29393974595033,14.535004362113183,20.013459166546312
2014-09-16,17.332096226065516,14.794561168426402,19.81300877738911
2014-09-17,17.217490416594774,14.686319642469488,19.75661503672622
2014-09-18,17.181106377861724,14.815514056916706,19.916441449264948
2014-09-19,17.138643513219883,14.448770032128838,19.839061619500356
2014-09-20,17.021572384304267,14.454024883869245,19.43321607384921
2014-09-21,17.074822743515316,14.458725714521426,19.630381904045002
2014-09-22,16.995211747221813,14.427715357298396,19.521733774373015
2014-09-23,17.024470481233323,14.508647483453027,19.51348867140859
2014-09-24,16.90074857776882,14.39861439966447,19.49784524657626
2014-09-25,16.855228321372223,14.236622544029997,19.375184438325476
2014-09-26,16.803814139024276,14.324517214867988,19.303136916867608
2014-09-27,16.678182484282683,14.15831441975806,19.424029627560856
2014-09-28,16.723463594747507,14.164099766081616,19.3416858177301
2014-09-29,16.636663264515878,14.105863867264288,19.177942352362958
2014-09-30,16.659682955620248,14.004790834560156,19.2119665909292
2014-10-01,16.53081822862779,13.741824697935428,19.044961666939194
2014-10-02,16.481367093080504,13.962567143918601,18.902683473306947
2014-10-03,16.427314372017655,13.84299639633461,18.975076618646522
2014-10-04,16.300377278585607,13.668650629532774,18.921153601328022
2014-10-05,16.345683854898606,13.939290690993127,19.053875356357615
2014-10-06,16.260192562301764,13.87460268381394,18.77745909291453
2014-10-07,16.28571146554166,13.637518697103014,18.81674901424532
2014-10-08,16.16039707575563,13.595689643807715,18.602078082849978
2014-10-09,16.11536450002918,13.616209675560025,18.6334445219312
2014-10-10,16.066374998313457,13.351159202975634,18.48455039641566
2014-10-11,15.944886110122395,13.53096214629704,18.460000885908283
2014-10-12,15.995735923055067,13.196138347176461,18.530533347633764
2014-10-13,15.915569652587534,13.206225301288368,18.374909831489784
2014-10-14,15.945866816586804,13.171178393366384,18.66196770292926
2014-10-15,15.82444887460523,13.269831765897175,18.516756671067128
2014-10-16,15.78209875376599,13.1874705565485,18.34495798925328
2014-10-17,15.734258110851945,13.383483098843143,18.37905375714976
2014-10-18,15.6120872233237,13.155738449612157,18.144476962001686
2014-10-19,15.660158800652773,13.064583395397731,18.18295454267624
2014-10-20,15.574893601779848,13.194181711375567,17.973244131374162
2014-10-21,15.597595863955364,13.017071730712873,18.25964070971569
2014-10-22,15.465968148632655,12.837735837750126,17.919045238037924
2014-10-23,15.410736783891632,12.679720727774928,17.975988728617395
2014-10-24,15.347353540497146,12.912317637625954,17.782922012416904
2014-10-25,15.20705825872772,12.614563950990593,17.922114297058567
2014-10-26,15.234573584853635,12.657957035361623,17.79130007726243
2014-10-27,15.126539618713933,12.594012336737917,17.68276820179365
2014-10-28,15.124546445164137,12.489262223692535,17.6584930432233
2014-10-29,14.966644176794137,12.348261987739559,17.58651890821164
2014-10-30,14.883961764085974,12.547043203715797,17.362767489936566
2014-10-31,14.792400340967976,12.310957932792704,17.431470448909455
2014-11-01,14.623686005494928,12.137491508200458,17.10241662418988
2014-11-02,14.623053424845601,11.982283035815543,17.302295900155322
2014-11-03,14.487668338703411,11.955560199398654,16.94564671774166
2014-11-04,14.459647241846838,11.887660552149631,17.163266846772952
2014-11-05,14.277554208871505,11.785234897744182,16.781943233224
2014-11-06,14.173006471237859,11.732864622891324,16.744316462506763
2014-11-07,14.062354877452874,11.35061982443517,16.636517308684983
2014-11-08,13.877724497619514,11.237434240578882,16.474528315609845
2014-11-09,13.86468711145984,11.420722126345456,16.322295307535516
2014-11-10,13.720673981951713,11.095104229082116,16.146264741277825
2014-11-11,13.687987491943137,11.099664402283071,16.137344555656234
2014-11-12,13.50529186258318,10.735445281429035,16.233709016735784
2014-11-13,13.40421477104557,10.809050738040288,16.10803248656947
2014-11-14,13.301026150162734,10.952660986530482,16.035817679035024
2014-11-15,13.127679522207599,10.429793761088648,15.569178838333109
2014-11-16,13.129487632382357,10.524567913453932,15.684018538071353
2014-11-17,13.00354074414051,10.358950805308556,15.847338934315548
2014-11-18,12.991753199709386,10.433553308570197,15.333820673489518
2014-11-19,12.83228263021519,10.191388107113195,15.349339657911777
2014-11-20,12.75622472649427,10.227872233581087,15.284192484290294
2014-11-21,12.679278238928951,10.187583862981615,15.314495759579279
2014-11-22,12.532800884876723,9.881220729260907,15.229455622994935
2014-11-23,12.561500419997081,9.994154285205186,15.163732173212535
2014-11-24,12.461868828882183,9.799472406303627,15.061892572161668
2014-11-25,12.475217679838675,9.931293339231923,15.16066097138758
2014-11-26,12.339194257773077,9.750452925069355,15.057675509067122
2014-11-27,12.284409631014473,9.566337664713103,14.787090777819804
2014-11-28,12.226144233788471,9.825412509507835,14.770123546522498
2014-11-29,12.09541559527669,9.702787992431222,14.774171541662424
2014-11-30,12.136679258866273,9.56094854564337,14.628831941229006
2014-12-01,12.046270551155896,9.329090831368383,14.457640356248016
2014-12-02,12.065445008108036,9.3421201613776,14.536137403762773
2014-12-03,11.931896900684492,9.345609523282038,14.344380699657389
2014-12-04,11.876386915674399,9.396291541409905,14.52192982810519
2014-12-05,11.81444454856966,9.221979167512783,14.48312826371204
2014-12-06,11.677429891532128,9.05682428969633,14.224496402058156
2014-12-07,11.710225988688766,9.315644770222749,14.275171391910563
2014-12-08,11.609669620926805,9.087159166459832,14.111027360465306
2014-12-09,11.617578599469015,9.018706695137459,14.092401928577146
2014-12-10,11.472255345085742,8.807767821856155,14.121095768555888
2014-12-11,11.405098197318587,8.881102337144368,14.034905663772568
2014-12-12,11.332286443260186,8.741286758198463,13.702640232809763
2014-12-13,11.185824214232001,8.571208876549733,13.789734986597628
2014-12-14,11.211214907978391,8.4276224875599,13.87035850441397
2014-12-15,11.105874490831285,8.58856841264754,13.647378631904115
2014-12-16,11.112142244787798,8.574049771502542,13.689448947074316
2014-12-17,10.968769201861654,8.289228571602436,13.602800934107913
2014-12-18,10.90751614236271,8.301316274580003,13.482077874356586
2014-12-19,10.844827533357313,8.12180729828889,13.413161492985722
2014-12-20,10.71286688562353,8.236629087175757,13.15632514460276
2014-12-21,10.757185450207672,8.133830952256666,13.360732906085625
2014-12-22,10.675132798029773,7.931087872714869,13.42026042815251
2014-12-23,10.70886795600019,8.17591922903404,13.098886568322236
2014-12-24,10.596851366161676,7.762369501650279,13.10742636679444
2014-12-25,10.570449482739729,7.86136774694389,13.062377754509312
2014-12-26,10.545618236504327,7.841560260589428,13.15922302258353
2014-12-27,10.453950615901885,7.890379993956582,12.903994517911391
2014-12-28,10.540359980724869,7.992983275662725,13.383151273015732
2014-12-29,10.501507277514191,7.9472618049354535,13.239789822658341
2014-12-30,10.578830396564461,7.992519883773937,13.329147136403606
2014-12-31,10.510055455436843,7.754433518207421,13.159469774830598
2015-01-01,10.525821306946087,8.127724071494647,13.189383616237773
2015-01-02,10.541382962608154,8.026083575479756,13.089381458371884
2015-01-03,10.48767863563122,7.800016752652535,13.006835994695845
2015-01-04,10.609031481700052,8.001283999519268,13.015111700386354
2015-01-05,10.601593691866638,8.062491377828461,13.151002220740422
2015-01-06,10.706390699424212,7.983852509127549,13.16793010441324
2015-01-07,10.660844857917049,7.841440551853346,13.168800429858177
2015-01-08,10.695409522886202,8.15862243108856,13.347163366972365
2015-01-09,10.725278935807344,8.044945646687417,13.435455837332807
2015-01-10,10.68145840325944,8.345620461964568,13.125449563808706
2015-01-11,10.80846572639945,8.100932304303573,13.386999612384527
2015-01-12,10.802771503905063,8.181618902775197,13.433138538886412
2015-01-13,10.905836132704826,8.389570666546277,13.342390418347408
2015-01-14,10.855623018819598,8.196837028624993,13.348009522873847
2015-01-15,10.883219175356409,8.300661050687017,13.354468854405313
2015-01-16,10.904528933960158,8.437297762980018,13.464857669459867
2015-01-17,10.851325665821893,8.417593695712949,13.526032460216005
2015-01-18,10.968932935367564,8.402270838215651,13.523318090468203
2015-01-19,10.954643230683178,8.380762848256717,13.629364698284407
2015-01-20,11.050732655195702,8.429857466617081,13.513256525934148
2015-01-21,10.995951677688726,8.479268223130427,13.463095383017102
2015-01-22,11.022123711532567,8.495311034235524,13.5740794657373
2015-01-23,11.045817836550302,8.51123250193472,13.700241727035037
2015-01-24,10.999381124320347,8.533466930024943,13.537334035912435
2015-01-25,11.128602517127945,8.734870458579444,13.636903675768645
2015-01-26,11.131116879854252,8.485514114610906,13.776084894174986
2015-01-27,11.249408019781646,8.751719364403597,13.791624021736409
2015-01-28,11.222291105836584,8.541885209795014,13.741803415381735
2015-01-29,11.281506507304847,8.5956242719032,13.912120651991927
2015-01-30,11.343391522321593,8.76929368158311,14.188910247904207
2015-01-31,11.339915516937914,8.610748550276144,13.847921496911123
2015-02-01,11.516350386103362,9.007280992019457,14.06616737057892
2015-02-02,11.569684818734036,9.050885589432,14.308442162546246
2015-02-03,11.741640929686715,8.949012023583812,14.29800788908281
2015-02-04,11.770173368753918,9.270159356621308,14.294341686465293
2015-02-05,11.886082524193057,9.254005747168563,14.488887947909452
2015-02-06,12.004707817766601,9.335006936239015,14.778632177058984
2015-02-07,12.056986080173811,9.648080087699498,14.757509982683137
2015-02-08,12.287146341467489,9.698812639021302,14.978785050357589
2015-02-09,12.391148911990488,9.873901684741503,15.016164270247232
2015-02-10,12.609726695929231,10.052930971275055,15.384970166392893
2015-02-11,12.679908228871685,10.18870815490675,15.19253284215212
2015-02-12,12.831653456259563,10.273141682261448,15.337135803895036
2015-02-13,12.979567682750906,10.478448927163697,15.669281495065217
2015-02-14,13.053978162780195,10.4310720032908,15.521319831294417
2015-02-15,13.298644210037427,10.6552911721575,15.633781105091195
2015-02-16,13.409208318022028,10.97167546235488,15.882997143074805
2015-02-17,13.6262459336361,11.026107882882608,16.05492258218019
2015-02-18,13.686793165898877,11.136243749772888,15.968298355385306
2015-02-19,13.820983333336308,11.088718212447109,16.40304913158697
2015-02-20,13.94375776533801,11.58205731940224,16.504904214850075
2015-02-21,13.985935411632964,11.436691267289097,16.453374889015517
2015-02-22,14.191912317556477,11.643586804859154,16.57786015611939
2015-02-23,14.258098728158112,11.48844254568041,16.81430704170007
2015-02-24,14.425951817563877,12.04378592321962,17.103459072053116
2015-02-25,14.43348375407333,11.812916583100506,17.315025114308526
2015-02-26,14.511876495436924,11.899326193461766,17.11915612715663
2015-02-27,14.577169269948456,12.144586006023436,17.10601456909953
2015-02-28,14.561303873083855,12.048353267786476,17.08479840855584
2015-03-01,14.709799433082717,12.101955196395298,17.38008196300821
2015-03-02,14.72016500897287,12.262729367992142,17.223334556287874
2015-03-03,14.834908607128341,12.28974258198661,17.199532467613803
2015-03-04,14.793022890724473,12.203884134071135,17.282960134683368
2015-03-05,14.826579500402257,12.03469930737791,17.385897508930327
2015-03-06,14.852398412587034,12.173792113216594,17.484243472280887
2015-03-07,14.803077871460127,12.113840350387152,17.324050418625323
2015-03-08,14.924656879995721,12.343678123730536,17.575013766319238
2015-03-09,14.91501886376773,12.287814739277703,17.488470653748024
2015-03-10,15.016895256575955,12.410930925997244,17.568392209437675
2015-03-11,14.969349355033527,12.505779041647251,17.673050668092596
2015-03-12,15.004372342406906,12.50258210152834,17.52975328981416
2015-03-13,15.038557801188464,12.215917106362333,17.65740743684385
2015-03-14,15.004140058646957,12.577916636504453,17.654018196187504
2015-03-15,15.146668080599982,12.421673257846097,17.70356311088222
2015-03-16,15.163423186826453,12.682223280858242,17.71228000822273
2015-03-17,15.296438936925677,12.72388716565585,17.871536035773634
2015-03-18,15.284003085006727,12.684556177137258,17.888844285604936
2015-03-19,15.357273018912924,12.805636934891934,18.000033882048037
2015-03-20,15.431970496401972,12.829439732653976,17.838758604368717
2015-03-21,15.439440506743217,13.019373543679194,18.08552760990187
2015-03-22,15.62434546220342,12.973238009854619,18.174550411346697
2015-03-23,15.683102500447477,13.227110227943957,18.208104171071245
2015-03-24,15.856921785216963,13.280297790341423,18.67521057892623
2015-03-25,15.883325284728182,13.160944855101686,18.43844218560747
2015-03-26,15.992777077158086,13.324566263135258,18.601724587483286
2015-03-27,16.100390690441202,13.321065193357391,18.74068874847427
2015-03-28,16.136998067376048,13.573954831597126,18.470222122514905
2015-03-29,16.346851195478703,13.953433946321288,18.802426106833064
2015-03-30,16.426064092530353,13.769286245184025,19.0176980020835
2015-03-31,16.615653020470365,13.996121692685996,19.191071074444178
2015-04-01,16.6530544660845,13.960759297708558,19.22245994900946
2015-04-02,16.768752066858067,14.134930650754272,19.502431687075617
2015-04-03,16.877978182662638,14.219007383060108,19.492336853768606
2015-04-04,16.911774954919515,14.314454248681558,19.598183808671525
2015-04-05,17.114686191832334,14.678094932544445,19.795383777393145
2015-04-06,17.18318810844032,14.536873843999432,19.985124526979796
2015-04-07,17.358717159936994,14.84425042949581,20.055033318126007
2015-04-08,17.379174889182206,14.833764162298882,19.789140356268824
2015-04-09,17.47554135456442,14.980375737972158,20.01241361743864
2015-04-10,17.563563220648035,14.953286072296237,20.24797906846819
2015-04-11,17.57480171818341,15.156790212453199,20.14113477424073
2015-04-12,17.754312150098052,15.228675185123594,20.405758425629305
2015-04-13,17.799063274370027,15.273178042584187,20.345216777857168
2015-04-14,17.95095506075319,15.293550811927012,20.60187779475298
2015-04-15,17.94831495102297,15.284968209301589,20.485067009423876
2015-04-16,18.022504343285917,15.58239805844748,20.510253019620336
2015-04-17,18.089601480037473,15.387436178683323,20.654483070360865
2015-04-18,18.081445985676595,15.526253676191203,20.701523702231626
2015-04-19,18.243316711963157,15.76491255842439,20.822202450913895
2015-04-20,18.27235114943329,15.664402333582963,20.91139127988251
2015-04-21,18.410564778375633,15.729347617648486,20.95273435969021
2015-04-22,18.396350320807002,15.645063217129001,20.968187559769014
2015-04-23,18.461088407894984,16.127431007259403,21.062083217021666
2015-04-24,18.520835606484624,15.982665059298995,20.926988892388692
2015-04-25,18.507374793299626,15.910438278917885,21.20361801726962
2015-04-26,18.66589926622863,16.06212890854363,21.248694651849277
2015-04-27,18.69343857919333,16.06787859023817,21.363480573992017
2015-04-28,18.83188420950741,16.326018151637104,21.374419178110347
2015-04-29,18.819494770257897,16.200964187952593,21.5480070315169
2015-04-30,18.887512057240194,16.196482477667473,21.274343445297085
2015-05-01,18.95185368052627,16.501461101280523,21.516773769911207
2015-05-02,18.94416711310988,16.346738271824034,21.50889503071256
2015-05-03,19.10951643223267,16.62547173472395,21.748718151426605
2015-05-04,19.144809671712753,16.516846107094004,21.953972851470176
2015-05-05,19.29182487343668,16.710667233689,21.87188358770627
2015-05-06,19.28871457738862,16.673968292794964,21.841396979616203
2015-05-07,19.366620112741497,16.886611820691215,21.974614418620185
2015-05-08,19.441361556236906,16.65935164364103,22.066269707735085
2015-05-09,19.444488345190916,17.024408258510203,21.881308338441553
2015-05-10,19.620962008618164,16.92662686087017,22.162874277818794
2015-05-11,19.667579148861762,17.129927711475993,22.27623135015099
2015-05-12,19.825992994432227,17.215771818267154,22.45310348244293
2015-05-13,19.834213506075006,17.466475132136217,22.379963403038882
2015-05-14,19.923217642668114,17.44734968698703,22.383501207468402
2015-05-15,20.008982956208715,17.496568062565238,22.542344471368853
2015-05-16,20.022494392183987,17.422725688049173,22.65731948848934
2015-05-17,20.208466618955274,17.725932931458036,22.76358974166189
2015-05-18,20.26341952014773,17.595368217128726,22.975075107489964
2015-05-19,20.4287006297158,17.816986109101567,22.892191105093524
2015-05-20,20.441987509432067,18.046732867388634,23.002585295819827
2015-05-21,20.53390171239466,18.001054015906373,23.102392325149772
2015-05-22,20.619700423030103,18.311835384413232,23.004885227416562
2015-05-23,20.630330918864484,18.248421353758147,23.269133336729418
2015-05-24,20.810119401845764,18.156498690451844,23.40751517270222
2015-05-25,20.855202337166148,18.1902541262338,23.709415957490442
2015-05-26,21.0065585445627,18.311149138217463,23.456844286578306
2015-05-27,21.001521867184152,18.26291069349069,23.70259397628934
2015-05-28,21.07040578908466,18.446342617734242,23.728816927025616
2015-05-29,21.128205795389437,18.554003059733066,23.632748690062634
2015-05-30,21.105664308586274,18.53396197074559,23.612348136966535
2015-05-31,21.246969430584763,18.580888080668217,23.80768244779328
2015-06-01,21.2481953135064,18.812265874801607,23.851729062375707
2015-06-02,21.35034210181626,18.831374432732648,23.90739173997071
2015-06-03,21.290854990406824,18.75251140438728,23.73021071799445
2015-06-04,21.30025351989014,18.790865563278196,24.01856022899374
2015-06-05,21.293836691984946,18.66140800483527,23.845954646477995
2015-06-06,21.202748572946838,18.8216707928709,23.808240663274262
2015-06-07,21.271675500589993,18.787146579884023,23.878312388046943
2015-06-08,21.197282659547877,18.50879765070354,23.91881259942081
2015-06-09,21.221247967674053,18.703567292426673,23.71942800752985
2015-06-10,21.081772878288128,18.603448683327322,23.545173805590057
2015-06-11,21.010201338933676,18.520696562813562,23.485386661370633
2015-06-12,20.922712666116045,18.313066998064468,23.4072658979111
2015-06-13,20.75137323392006,18.246538076902926,23.378642802996602
2015-06-14,20.741818370093675,18.11316718451681,23.29688463654201
2015-06-15,20.59167254364907,17.894819801280676,23.189510848559035
2015-06-16,20.543566139786833,17.809778442487357,22.946613075268075
2015-06-17,20.33662880435367,17.849113036597288,22.869437135262068
2015-06-18,20.20309099099672,17.73694672473055,22.96463596505224
2015-06-19,20.059959867883887,17.37254780741933,22.583623616835478
2015-06-20,19.840054873900147,17.102654079329916,22.293520402497123
2015-06-21,19.78967469434802,17.375087175911116,22.55602094828664
2015-06-22,19.607004091267765,17.01101106301458,22.144835582819933
2015-06-23,19.535119200681557,16.82216368359592,21.968715650752962
2015-06-24,19.313471552673366,16.61306765294016,21.968328951583903
2015-06-25,19.174482671218257,16.56801320998396,21.647073161834385
2015-06-26,19.03521557862911,16.176975681437913,21.424359680219805
2015-06-27,18.8284086024515,16.063390277859547,21.374602068095502
2015-06-28,18.80014329994126,16.222936736916207,21.514786683163578
2015-06-29,18.64825491648305,16.13174490396989,21.346249792220462
2015-06-30,18.61534390823978,16.247057759419462,21.211079320207674
2015-07-01,18.440268641984265,15.900308893925096,21.073107453273156
2015-07-02,18.354750928988963,15.8720788508622,20.978892135717793
2015-07-03,18.275060466086682,15.624933168232621,20.90900169014531
2015-07-04,18.133063284962894,15.472254121347298,20.71145672857638
2015-07-05,18.173905690814482,15.598609921913638,20.662757320963316
2015-07-06,18.09444174423314,15.534700212362269,20.63429892656482
2015-07-07,18.136262434999214,15.434702918848389,20.511224435876418
2015-07-08,18.037206269769495,15.364377325380937,20.66194010943929
2015-07-09,18.02798254014925,15.378086288268484,20.743681662377547
2015-07-10,18.023872964191476,15.507427007430696,20.67586132132329
2015-07-11,17.955796442003315,15.308891412245758,20.630175064935514
2015-07-12,18.06800807457633,15.350585086902418,20.68598042805161
2015-07-13,18.056540203864767,15.531162893663284,20.74987043782999
2015-07-14,18.16224336985537,15.676231442665372,20.788438889578664
2015-07-15,18.12230670201653,15.397461073240443,20.60659530134969
2015-07-16,18.166888859439904,15.554587018631633,20.705680214012958
2015-07-17,18.210825115554076,15.659171754492009,20.73279551994991
2015-07-18,18.18469528698992,15.674090599016848,20.713122954317186
2015-07-19,18.332523670256034,15.872311682431556,20.870519840571458
2015-07-20,18.350218812450738,15.787874238382829,20.99244020004768
2015-07-21,18.478611130312583,16.025036812640025,21.017311544052596
2015-07-22,18.454968059269135,15.591491139430085,20.916034751436726
2015-07-23,18.50961805105918,16.072539167317622,21.035150450096747
2015-07-24,18.557649253375082,16.077434243439626,21.107391949502905
2015-07-25,18.529967834588476,15.777276382605065,21.08323670859603
2015-07-26,18.670987398708334,16.104042413072076,21.185990726247628
2015-07-27,18.677057608147262,15.979301532706598,20.99839310476879
2015-07-28,18.78949032161875,16.10802583575954,21.2982246190029
2015-07-29,18.746063215566295,16.06175843081053,21.452028836862386
2015-07-30,18.77763248062002,16.202886856702527,21.252602784026084
2015-07-31,18.799820678774054,16.244016831834045,21.216229797322626
2015-08-01,18.7440649498649,16.311321191283263,21.345068117183263
2015-08-02,18.855297206225682,16.298829414925773,21.546461456050267
2015-08-03,18.830364591112073,16.196444748007263,21.41522616276533
2015-08-04,18.91104862774308,16.39180718145976,21.532963651414057
2015-08-05,18.83556310691156,16.221224721275615,21.532884797098394
2015-08-06,18.835162343969447,16.253251911708777,21.463340298039597
2015-08-07,18.82582589093039,16.24452195946601,21.45026169011829
2015-08-08,18.73930485517389,16.21285795663171,21.34003033502438
2015-08-09,18.820801392601542,16.16527053037933,21.204543107535283
2015-08-10,18.76738954993524,16.1151767119631,21.189075960160377
2015-08-11,18.82103575718109,16.32194156192376,21.255417906014337
2015-08-12,18.720098872864945,16.238291344387168,21.316704531552396
2015-08-13,18.695941253900088,16.270864908138098,21.271181010269473
2015-08-14,18.66461676930474,16.195311748477927,21.31094493968951
2015-08-15,18.557920741257966,15.946534217157602,21.10017232142558
2015-08-16,18.62107321767186,15.9792858342125,21.248844988132696
2015-08-17,18.551143597155438,15.884919532415008,21.39432041953469
2015-08-18,18.5900747682646,16.02304164497192,21.049204013974016
2015-08-19,18.47618654544871,16.09144241075426,21.029565409604178
2015-08-20,18.440789775599118,15.741526415905895,20.988288855463725
2015-08-21,18.399876961172943,15.773215355967375,21.00195904736305
2015-08-22,18.28517433623087,15.652169636867404,20.84420981700441
2015-08-23,18.341826779002595,15.838571316086428,21.053234919326098
2015-08-24,18.266823587238246,15.584923145970741,21.009111200000493
2015-08-25,18.302023308066442,15.941913031615783,20.946760191460587
2015-08-26,18.185657456604304,15.61396090214291,20.84064631379974
2015-08-27,18.148944567857292,15.653554585804196,20.609211332633944
2015-08-28,18.107780513445924,15.572100231699821,20.817937546363304
2015-08-29,17.993790115652544,15.28647737678497,20.591340475293258
2015-08-30,18.052011544416146,15.566017635558403,20.391737397758796
2015-08-31,17.979321626583214,15.452563085216099,20.322063372515714
2015-09-01,18.017460358378965,15.811000840471603,20.50132554120112
2015-09-02,17.904534546126943,15.357119564634925,20.42019954779662
2015-09-03,17.871632097862435,15.2345347110257,20.38339644733971
2015-09-04,17.834512959029187,15.376020233572808,20.3418866687654
2015-09-05,17.72466176693241,15.150484667418251,20.560046995007355
2015-09-06,17.786973729957253,15.154535259528766,20.232110322597396
2015-09-07,17.718181858071866,15.086191642692937,20.43406842813791
2015-09-08,17.75988380907949,15.067684557367528,20.476158541031655
2015-09-09,17.65004822594461,14.963691642549634,20.290006733429642
2015-09-10,17.619632016274476,14.951599304175147,20.09554835136725
2015-09-11,17.58427447604872,15.102010465873555,20.207249201615543
2015-09-12,17.475353224697194,14.972876715303569,20.079059943543015
2015-09-13,17.537673337374557,14.83136343229595,20.179156541339903
2015-09-14,17.467897672522525,14.873139109143303,20.141822072434444
2015-09-15,17.50757652740447,15.108313663844728,20.065190060078514
2015-09-16,17.394656366857802,14.772336073482517,19.921670334453886
2015-09-17,17.360098953177868,14.717738314422226,19.996239122661912
2015-09-18,17.319576668040007,14.66451284859288,19.92641832243032
2015-09-19,17.204528899183845,14.560927027776057,19.77744435512131
2015-09-20,17.259850804442134,14.660789564145766,19.980990640056906
2015-09-21,17.18232240280669,14.51173326249267,19.693884040390742
2015-09-22,17.21363610459245,14.700070231487164,19.795081258381703
2015-09-23,17.091902435169096,14.588533824889453,19.631788469986347
2015-09-24,17.04826532029572,14.453143138682277,19.591122401358593
2015-09-25,16.998592795028962,14.460020872561074,19.64834122897164
2015-09-26,16.87452810983341,14.341313706400488,19.423886899796145
2015-09-27,16.921172675151805,14.366048904660769,19.372180669303614
2015-09-28,16.83550894740197,14.214045947482337,19.465348585364204
2015-09-29,16.859421542244316,14.006791668440721,19.478809484261483
2015-09-30,16.73119651899073,14.17619087483011,19.278222158915124
2015-10-01,16.682130403582228,13.976784924456238,19.15468991159337
2015-10-02,16.628215015361295,14.050111256298118,19.0514631165075
2015-10-03,16.50118327194831,13.88763509797544,18.907128609681518
2015-10-04,16.546187604962768,13.991142579612154,19.158718762885385
2015-10-05,16.460219265342296,13.826286304656891,19.02060326974755
2015-10-06,16.485126957987518,13.974509725651552,19.143472345959207
2015-10-07,16.35911487583208,13.772509213846108,19.008850865580044
2015-10-08,16.313351794357644,13.631666543994841,18.964687838785153
2015-10-09,16.263657348562734,13.891461791171164,18.951818269266862
2015-10-10,16.141550683592953,13.599694210135242,18.614404060264498
2015-10-11,16.19193308679204,13.537875775942574,18.561103641542278
2015-10-12,16.111512812416855,13.62639032782862,18.492037726085616
2015-10-13,16.141830429266943,13.550691340968166,18.707981637419106
2015-10-14,16.020764611838093,13.542880375884694,18.585644915436948
2015-10-15,15.979149849706978,13.34400076105028,18.63897239829502
2015-10-16,15.932471978500011,13.450115154019405,18.462549886639685
2015-10-17,15.811926478160279,13.155261378146056,18.421723056913784
2015-10-18,15.862110880555422,13.2182962176835,18.389280846044
2015-10-19,15.779459218993411,13.101553583291626,18.382916269950908
2015-10-20,15.805276566244274,13.121340077559896,18.377231185512457
2015-10-21,15.677253301322423,13.07035242409142,18.17345296093557
2015-10-22,15.626090311121024,13.128186369385029,18.182276722866764
2015-10-23,15.567200781646841,12.715069286698983,17.969663065904022
2015-10-24,15.43177330391693,13.106928404302481,17.876827931758815
2015-10-25,15.46446745111981,12.841924592447727,18.023626250635616
2015-10-26,15.361849615804333,12.52197290859925,17.957270196088015
2015-10-27,15.365427056899675,12.904044926932325,17.770629780786564
2015-10-28,15.213159751090544,12.672650630107144,17.680388804955538
2015-10-29,15.136081262675699,12.616762013601441,17.72933798688661
2015-10-30,15.049994349627335,12.480063482810667,17.5093136766283
2015-10-31,14.886526148395552,12.29368383087965,17.43908391826142
2015-11-01,14.89081426401437,12.367576603457284,17.466302871289177
2015-11-02,14.759931773135744,12.117532232768035,17.25546849328757
2015-11-03,14.735909352406988,12.07388384463499,17.32268343757058
2015-11-04,14.557234426624246,11.992369005439157,17.14654887816404
2015-11-05,14.45545888025348,11.916965185729028,16.810309842939844
2015-11-06,14.34688140031617,11.74385164264022,16.889651511174783
2015-11-07,14.16358965476071,11.690399572744273,16.82126778819711
2015-11-08,14.151133995702558,11.56130499294589,16.891072392629574
2015-11-09,14.006941052293296,11.458540749064756,16.649025835458673
2015-11-10,13.973325743201201,11.356656418047262,16.375096270100446
2015-11-11,13.788981942274887,11.257714555124222,16.540093904640518
2015-11-12,13.685583574007072,11.159283365444564,16.105181363784553
2015-11-13,13.579462443853059,11.051206826698515,16.116976180064473
2015-11-14,13.40264817037869,10.7998130980966,16.013446436282972
2015-11-15,13.40054201523499,10.873596224040577,16.113443151330515
2015-11-16,13.2703330151914,10.854280361949678,15.852686664450745
2015-11-17,13.254014939809867,10.762205851386922,15.607849051711195
2015-11-18,13.089884184433107,10.6109219954202,15.457789460443227
2015-11-19,13.009150253492074,10.45682138508949,15.548946029778586
2015-11-20,12.927624904600522,10.39779758368065,15.49899775805279
2015-11-21,12.776775048929679,10.112711593838123,15.247461658405799
2015-11-22,12.80141087853433,10.384713762939242,15.331241709495323
2015-11-23,12.698117257312955,10.030121944772365,15.124668134198188
2015-11-24,12.708286498992559,10.159804889369104,15.278959255113284
2015-11-25,12.56963221964508,10.118140285353322,15.217974389357774
2015-11-26,12.5128154870178,10.033146414425934,14.88732848948946
2015-11-27,12.453148905778843,9.996447976148218,14.964361195802697
2015-11-28,12.321663316227903,9.698201490891385,14.886506699324972
2015-11-29,12.362808184437817,9.750058524324972,15.001508764022674
2015-11-30,12.272893364395975,9.69202082321492,14.992408325843165
2015-12-01,12.293130046432886,9.736603401080295,14.650915388573225
2015-12-02,12.161150326632601,9.835492167556142,14.916446571898806
2015-12-03,12.107636430827535,9.450611537061851,14.701579715504733
2015-12-04,12.04802511384952,9.712120380156827,14.670965437777198
2015-12-05,11.913571867676865,9.356921164275684,14.562802920338722
2015-12-06,11.94904604925457,9.373661899985057,14.705790065089275
2015-12-07,11.851164718233148,9.0588926646522,14.498253335956182
2015-12-08,11.861623183365527,9.345510319090092,14.382433507751728
2015-12-09,11.718601947385565,9.109370043491639,14.298451070688477
2015-12-10,11.653381403558573,8.791382432690554,14.174735430041821
2015-12-11,11.58203018059163,8.825007765518663,14.233485442671446
2015-12-12,11.436452192251117,9.037072642781613,14.157552993580028
2015-12-13,11.462063960756367,8.911974851363041,14.122914748814464
2015-12-14,11.356210485752186,8.757315080906622,14.051965470620924
2015-12-15,11.361178149438476,9.026551814734914,13.958383793496985
2015-12-16,11.215684836260781,8.611770998732855,13.895034852274678
2015-12-17,11.151479092150803,8.533066151314554,13.78641712409335
2015-12-18,11.085014661774643,8.513574444063412,13.630228079289196
2015-12-19,10.948485859348835,8.343022310385795,13.612723336547239
2015-12-20,10.98749568721,8.48716559166014,13.570016200190793
2015-12-21,10.89946525488141,7.975052388223234,13.394367073145743
2015-12-22,10.9266431974741,8.331136430270577,13.541869381409194
2015-12-23,10.807595400915416,8.265948493604387,13.357038889889044
2015-12-24,10.7738069044635,8.272253973769544,13.25722563184505
2015-12-25,10.7413622787227,8.174979698654386,13.219228859575747
2015-12-26,10.641989808897652,8.211357664334285,13.286967151158928
2015-12-27,10.720741188723899,8.179396387982413,13.329509755961165
2015-12-28,10.674414990960418,8.396870088593884,13.4109105082563
2015-12-29,10.744582255425698,8.374199077993879,13.333932491195979
2015-12-30,10.669094082324657,8.125447509694558,13.29184872279032
2015-12-31,10.678702630577828,8.201156009721672,13.443107641569522
2016-01-01,10.688761310007864,7.918824219885301,13.264801664734183
2016-01-02,10.630288962755035,8.154987655464785,13.168342497557797
2016-01-03,10.74766919432706,8.194136508550017,13.351520396522012
2016-01-04,10.737092579292707,8.147543814841361,13.402156423279301
2016-01-05,10.83959956070753,8.263542808463079,13.236208144928906
2016-01-06,10.792603442491785,8.223071073352703,13.291351801180568
2016-01-07,10.826524432985796,8.024543616098281,13.595006876950972
2016-01-08,10.856500146508614,8.053224024588157,13.374840024908334
2016-01-09,10.813457046680961,8.143978794068143,13.28713275746899
2016-01-10,10.94181375979636,8.240228472550225,13.709917952229533
2016-01-11,10.937923837640259,8.234478553547605,13.562905234745177
2016-01-12,11.043115734432662,8.450865357352733,13.527071147788513
2016-01-13,10.995209436148027,8.121338478361254,13.651179612250594
2016-01-14,11.025140832645278,8.440615332882436,13.5689865319685
2016-01-15,11.048659462023863,8.540698791260088,13.664614171634556
2016-01-16,10.997384418628346,8.273790407822844,13.622066745910937
2016-01-17,11.116489738149,8.574385378019926,13.694396507783264
2016-01-18,11.103127292068361,8.505939249269169,13.712887651184104
2016-01-19,11.19944546504036,8.676780791972261,13.748809680895834
2016-01-20,11.144083605173241,8.740757603282345,13.89270891251309
2016-01-21,11.168773917691674,8.712886895046113,14.00550991966142
2016-01-22,11.190017024436134,8.616237972049248,14.096638245193441
2016-01-23,11.140116570907932,8.407501913787385,13.851576213871153
2016-01-24,11.264844766057937,8.542458402195393,13.790377447561921
2016-01-25,11.261847424943088,8.602282238054999,13.942707471335098
2016-01-26,11.373647277300124,8.796991601126134,13.780116128339097
2016-01-27,11.339125959792543,8.751706665713174,13.927841391025678
2016-01-28,11.39011671679419,8.901892475903834,13.998217042405484
2016-01-29,11.443074303400262,9.056771499534724,14.27456234131714
2016-01-30,11.430107652851135,8.819939501896165,13.955036964929292
2016-01-31,11.596647278066873,8.928621402189409,14.070478511902131
2016-02-01,11.639855963324116,8.947510504456549,14.180102576686425
2016-02-02,11.801641396352515,9.311448408354574,14.334602296241236
2016-02-03,11.820150949770628,9.178412275302149,14.18255053062405
2016-02-04,11.926380336954917,9.26238535548742,14.618155644801144
2016-02-05,12.035862252900905,9.567914856237117,14.54178695408725
2016-02-06,12.079720105565668,9.537183293571873,14.725329287498504
2016-02-07,12.302358288885879,9.87330604413725,14.913136591592187
2016-02-08,12.399896986583853,9.815290780000929,14.921384704545897
2016-02-09,12.613209556445325,10.149328594655259,15.218291560690407
2016-02-10,12.679442085265896,10.109109649172698,15.319951927730317
2016-02-11,12.828646218822875,10.227946392667707,15.46283334263716
2016-02-12,12.97549077079845,10.443335272188524,15.471061407331144
2016-02-13,13.050336639342419,10.506772175397268,15.68722425825951
2016-02-14,13.29694595047157,10.69005383024381,15.775294903669685
2016-02-15,13.410932943952515,10.874262103297342,16.021141783625513
2016-02-16,13.632814248593414,11.044230712609531,16.242183665527953
2016-02-17,13.69953781540425,11.119409185970076,16.23622953056243
2016-02-18,13.841121380381136,11.26093936982366,16.396731304581866
2016-02-19,13.972365823178102,11.409370376047534,16.51251606509123
2016-02-20,14.023927910861168,11.564908192803333,16.526239954032974
2016-02-21,14.240023405310122,11.588793242500337,16.936017974196357
2016-02-22,14.316868206218354,11.723924530276435,16.83366713608924
2016-02-23,14.495715425383834,11.853728212551507,17.021151475275044
2016-02-24,14.514367995121471,11.89990610462214,17.278361048317056
2016-02-25,14.603798093495996,12.091574980950943,17.021383289545916
2016-02-26,14.679839229034618,12.399871971224202,17.384900232144513
2016-02-27,14.674236003425625,12.032577223793904,16.952954902016046
2016-02-28,14.83232309889545,12.440292989209347,17.16119929057884
2016-02-29,14.851441754365025,12.305808120624853,17.5364413307911
2016-03-01,14.973952226791818,12.427739430756404,17.518837534984378
2016-03-02,14.938722434336004,12.420195842447296,17.4405305629828
2016-03-03,14.97772463575072,12.184376741532414,17.475100829630023
2016-03-04,15.007706523806442,12.516822820349523,17.47833532933424
2016-03-05,14.961222236463833,12.292255867002345,17.489703416913393
2016-03-06,15.084295255884784,12.414409286701352,17.513852259535092
2016-03-07,15.074821810753313,12.492552652284424,17.467880055197202
2016-03-08,15.175573549559457,12.58982851628782,17.676996967944866
2016-03-09,15.125679866641892,12.596529262250506,17.86197706415951
2016-03-10,15.157221830845737,12.63203882252469,17.82199673817747
2016-03-11,15.186904099224279,12.473022206123725,17.660393121881448
2016-03-12,15.147090234446337,12.756021707817967,17.67319073935471
2016-03-13,15.283473224957081,12.816339655229246,17.901869943804794
2016-03-14,15.293489572059313,12.627863686034964,17.853787267045945
2016-03-15,15.419335387959329,12.844391954514236,18.064466587494284
2016-03-16,15.399464500267056,12.65626725819174,17.885944717994526
2016-03-17,15.465200075044791,12.884716145004392,17.921007596973425
2016-03-18,15.53242566396343,13.030610091446576,17.970937443481812
2016-03-19,15.532640591514873,12.781394843456722,18.020792456750996
2016-03-20,15.710650966417772,13.200081859210137,18.08649653900669
2016-03-21,15.763004168104235,13.367478645915636,18.31596775973344
2016-03-22,15.931024754104156,13.33611986735578,18.699341308362165
2016-03-23,15.952331313533417,13.387087052378364,18.400931122973113
2016-03-24,16.057465348181793,13.526731141700322,18.600382690893785
2016-03-25,16.161597706424974,13.686468166853075,18.72387499232475
2016-03-26,16.195597164717423,13.419302553709125,18.88651322223492
2016-03-27,16.403732185893016,13.703574864670781,19.120812635836277
2016-03-28,16.482113521704,13.931997620674204,18.96440506413644
2016-03-29,16.671735496467136,14.100754869968675,19.256004272198414
2016-03-30,16.70999546354829,14.003150118372377,19.385122206800922
2016-03-31,16.82732255703155,14.1185593664841,19.34291576112189
2016-04-01,16.938881375748622,14.297137748225987,19.284945909221204
2016-04-02,16.97563537237853,14.281701176027795,19.399244656591932
2016-04-03,17.18204121395582,14.56809052353597,19.697484622119894
2016-04-04,17.254482069114164,14.744674019421646,19.93008407505293
2016-04-05,17.434297988075183,14.888819551347732,19.923693728209365
2016-04-06,17.45929322692262,15.007824628596982,19.9746681922516
2016-04-07,17.56035201790675,14.973347865397004,20.176121532781682
2016-04-08,17.653128810465923,15.003001417378984,20.571557594620597
2016-04-09,17.669098140006952,15.252982179479838,20.206362260945234
2016-04-10,17.853235760877435,15.315733900847722,20.378313493476156
2016-04-11,17.902439344525142,15.369105487756608,20.460469683210246
2016-04-12,18.058547220728894,15.436148856186827,20.483177131333434
2016-04-13,18.05983528353017,15.513839665613522,20.493395122015436
2016-04-14,18.13762378527814,15.63360367194841,20.747722269785037
2016-04-15,18.207960211795786,15.573230610439955,20.590689403376693
2016-04-16,18.202663507383733,15.58813797555371,20.642021451087878
2016-04-17,18.367001339774554,15.920622707141845,21.1100649915586
2016-04-18,18.398108702018256,15.821009231895435,20.950208029712293
2016-04-19,18.53800626966732,16.012328884454583,21.019891763946244
2016-04-20,18.525098523659658,16.11507289739432,21.032461766111826
2016-04-21,18.590783204698734,16.05426093628526,21.022522027077997
2016-04-22,18.651138094785527,16.045499663313063,21.269492027216767
2016-04-23,18.637970165293787,16.035608939378406,21.26145923562044
2016-04-24,18.796498528974233,16.281663245427,21.27748555274572
2016-04-25,18.823779225904634,16.171237752956436,21.533690224662244
2016-04-26,18.961729989960034,16.28626185830415,21.467394604824943
2016-04-27,18.948634738944186,16.291793862644177,21.599685975681247
2016-04-28,19.015759100526257,16.292538390500354,21.701140729529225
2016-04-29,19.079042737994495,16.453303368514767,21.764091663876226
2016-04-30,19.070153313185298,16.514960250197106,21.550120976888746
2016-05-01,19.234173357969254,16.636923528059043,21.863715892877796
2016-05-02,19.26802795956256,16.775052976300262,21.825701402769663
2016-05-03,19.41351132641264,16.849076891451958,21.954022409835012
2016-05-04,19.408791945126772,16.897558689055945,21.961245158774076
2016-05-05,19.485027655595353,17.064532106151443,22.074341411175627
2016-05-06,19.558056468238938,16.853112493461122,22.219012804995653
2016-05-07,19.559448075297272,16.82929395199654,22.17507744714677
2016-05-08,19.734187455547968,17.35548124100447,22.3498921736015
2016-05-09,19.77909867564777,17.13063600875819,22.196653806612883
2016-05-10,19.935867154231364,17.41926205794422,22.662018111051925
2016-05-11,19.94254032967259,17.373841938606567,22.507612209431937
2016-05-12,20.030138299598935,17.568932066178196,22.631347876774903
2016-05-13,20.114340502392107,17.65411437244433,22.795637510863262
2016-05-14,20.126533623102354,17.635044284520248,22.843214912835254
2016-05-15,20.311492366350222,17.53140548608746,22.845632515253133
2016-05-16,20.365801385078928,17.651458798619274,22.886077401344348
2016-05-17,20.530876813776896,17.847218498679464,23.06781956333576
2016-05-18,20.544467482548026,18.1384655661999,23.061548842948252
2016-05-19,20.63726747538203,17.953548986357465,23.191185249276966
2016-05-20,20.724606151932925,18.165547325014256,23.240643892919444
2016-05-21,20.737500815275453,18.346263689494133,23.15277657427244
2016-05-22,20.920343618031545,18.299256730351907,23.45511175676546
2016-05-23,20.96933089562453,18.270000395317,23.693865381357426
2016-05-24,21.125493227220506,18.58583578064161,23.697763128091594
2016-05-25,21.126206108204393,18.50721645051227,23.482765505457454
2016-05-26,21.20181266548685,18.466564578708198,23.822255751816623
2016-05-27,21.26732426960973,18.71590301959864,23.93002786069835
2016-05-28,21.2534839349091,18.720439028433056,23.778500086552146
2016-05-29,21.40446379130747,18.755298122240056,23.951045864175946
2016-05-30,21.41630449906686,18.675491148592684,24.01477936733024
2016-05-31,21.529954590394684,18.93086468598447,24.1842830430946
2016-06-01,21.482789315335612,18.96659863423378,24.08801177220202
2016-06-02,21.505240136462923,18.952708415131617,24.30791129522844
2016-06-03,21.512500468067042,18.724860957798604,24.07006885104588
2016-06-04,21.43559232959597,18.920476328719932,23.919109164875234
2016-06-05,21.51906501939515,18.694794466869503,24.13611562360127
2016-06-06,21.459433552675527,18.837564741623666,24.19567212568238
2016-06-07,21.498214775005987,19.010651347169357,24.132675645739685
2016-06-08,21.373440714233332,18.77003306409988,23.942710867866456
2016-06-09,21.31628036045873,18.75281531576379,24.11705228977558
2016-06-10,21.242735574497278,18.818561429247943,23.777603182160806
2016-06-11,21.084695957137694,18.36460610951452,23.676982564002945
2016-06-12,21.087624002325896,18.507155415652825,23.76065642612486
2016-06-13,20.94897854476765,18.211376470445938,23.430526586659912
2016-06-14,20.911234723020776,18.293439278897683,23.356825125260197
2016-06-15,20.71338036630411,18.136802524647685,23.241616488542373
2016-06-16,20.587520366883346,17.924280059867915,23.132512409316977
2016-06-17,20.45055512813913,18.007633030981836,22.88506336561423
2016-06-18,20.235218317776706,17.822879172011685,23.02907026263432
2016-06-19,20.18774564361646,17.625255803010543,22.76600388750885
2016-06-20,20.006283043740225,17.475952885758492,22.57013693981932
2016-06-21,19.933892870353194,17.412330527823936,22.563065317947252
2016-06-22,19.710038301552476,17.19628273685406,22.38370210517669
2016-06-23,19.56717782796957,17.095285572688073,22.334168288799194
2016-06-24,19.422436141238183,16.916904929784614,22.182307625437247
2016-06-25,19.208636836144603,16.47167828738774,21.980888506984215
2016-06-26,19.17196876715699,16.68853737601785,21.844021015167414
2016-06-27,19.01039451209357,16.409762108377308,21.704819961239316
2016-06-28,18.96665951949614,16.30141055399914,21.374698863536047
2016-06-29,18.779782107552958,16.227369496655445,21.391335462015487
2016-06-30,18.681656033513335,15.98002745262136,21.211044050489665
2016-07-01,18.588731774320813,16.02255848376897,21.17372231460864
2016-07-02,18.43306169093165,15.738697892681047,20.963582646089325
2016-07-03,18.459980630798377,15.83937501522872,21.126068138443927
2016-07-04,18.366530095794793,15.806172359107938,20.7151595796812
2016-07-05,18.394484195934126,15.917979253095801,21.108080315683928
2016-07-06,18.281857178968036,15.712324920863276,20.618969132471292
2016-07-07,18.259523865272442,15.761908106432756,20.892246467439072
2016-07-08,18.24291873727766,15.689420582795336,20.810951274315915
2016-07-09,18.163098472374774,15.563712988037658,20.711112492765313
2016-07-10,18.264439107614997,15.403315976968846,20.71060817573927
2016-07-11,18.243075623616885,15.571346409606408,20.833871564248312
2016-07-12,18.339941862464013,15.831801421462147,21.094546231603687
2016-07-13,18.29229030546117,15.806368338715366,20.836516243269163
2016-07-14,18.33032282302733,15.705167708789855,20.998287758269573
2016-07-15,18.368897980412843,15.867346708544188,20.964998843366462
2016-07-16,18.338599577072173,15.778278587668678,20.924642153032288
2016-07-17,18.483437552905507,16.012081740805126,20.947260282840887
2016-07-18,18.499289049518815,15.892257481578765,21.104862168496663
2016-07-19,18.626937596340074,16.001207783423492,21.138144435070252
2016-07-20,18.60359005381434,15.979652417126523,21.194568618983478
2016-07-21,18.65950257929722,15.937021394014208,21.272428026603997
2016-07-22,18.709681394188735,16.139731795706798,21.373662617452045
2016-07-23,18.68494326005399,16.18513875765903,21.217435773713934
2016-07-24,18.82960705466525,16.230793664063782,21.548320506742897
2016-07-25,18.839924513869864,16.37708244846087,21.319910485008705
2016-07-26,18.957108398774523,16.414645676803655,21.46079303999813
2016-07-27,18.918838013829777,16.47992575711828,21.594790281594438
2016-07-28,18.955873630469586,16.28824115014157,21.559193644809646
2016-07-29,18.98374587190031,16.40518778440042,21.410661203481222
2016-07-30,18.933805224802924,16.35410531721481,21.443290654998403
2016-07-31,19.05090330158845,16.410130521945238,21.36197154577289
2016-08-01,19.031814121215447,16.65145812625217,21.573911368506643
2016-08-02,19.11825383529722,16.60032180234014,21.68929293155074
2016-08-03,19.048378954423537,16.394780277742328,21.71854687386719
2016-08-04,19.053394718975085,16.49996305013539,21.54611657432157
2016-08-05,19.04923971934282,16.65291597478004,21.706528290428576
2016-08-06,18.967631941026738,16.3472378825043,21.55354617566941
2016-08-07,19.0537478301965,16.5113526590912,21.79936823064799
2016-08-08,19.004642584803733,16.481574628155993,21.317932062089806
2016-08-09,19.062270004135552,16.170270652315004,21.684266365883314
2016-08-10,18.964981831633178,16.341052698557665,21.583363666128093
2016-08-11,18.944138094253805,16.429226113939304,21.439181438734416
2016-08-12,18.91579438717565,16.44600886794859,21.402246481840407
2016-08-13,18.8117511141265,16.456410382562872,21.547180898853256
2016-08-14,18.8772361107176,16.167130604636075,21.367907327140568
2016-08-15,18.80932869060426,16.269458339052406,21.549220949585788
2016-08-16,18.84998329058457,16.359565682737564,21.360599056135932
2016-08-17,18.73753250624795,16.03818790164768,21.31030091523856
2016-08-18,18.70330089616279,16.157466137154632,21.404777849452923
2016-08-19,18.663295399641093,16.193470552531483,21.300951242575252
2016-08-20,18.549257298741903,15.682350324277559,21.21393955986873
2016-08-21,18.606347098158615,16.064937368689254,21.096509731879415
2016-08-22,18.531570335610798,16.03189028388721,20.975543891422298
2016-08-23,18.566802497853264,15.947699313390903,20.969836312888667
2016-08-24,18.45029285783018,15.889066968651177,20.955294836856357
2016-08-25,18.413278657563886,15.761211162865912,20.91185712137545
2016-08-26,18.37167554808697,15.837097100510677,20.89894278634156
2016-08-27,18.25712929930897,15.579559096090255,20.762143032848638
2016-08-28,18.3147002473929,15.770591140508069,20.88527838492436
2016-08-29,18.241288593265782,15.610610289225821,20.616504372248812
2016-08-30,18.278658830630086,15.57972385950027,20.72974500308062
2016-08-31,18.16494321962933,15.630798164589132,20.739561187821018
2016-09-01,18.131255824091625,15.669797314271493,20.700443050727145
2016-09-02,18.09338310528851,15.482345590743785,20.678088070978472
2016-09-03,17.98283615120107,15.485037932742314,20.434691218157834
2016-09-04,18.044536056149354,15.421747447439342,20.65724572981147
2016-09-05,17.975240590413225,15.460426643960009,20.613359486803713
2016-09-06,18.01657044129514,15.50063232188561,20.409733813977162
2016-09-07,17.90651492120689,15.471368249822888,20.596469391570537
2016-09-08,17.876048616699823,15.340701391085693,20.28032787118254
2016-09-09,17.840824905103883,15.136800728700322,20.59520623756547
2016-09-10,17.732231331279287,15.371117199323717,20.369812233090514
2016-09-11,17.79507825557576,15.209183000008954,20.534800653444535
2016-09-12,17.726028795195088,14.992274347738547,20.402994117079633
2016-09-13,17.7666282136206,15.26025224910118,20.472387562050397
2016-09-14,17.654812522282935,14.932302452768651,20.29462610869238
2016-09-15,17.621527637384748,15.021224395638772,20.289962442261906
2016-09-16,17.582424893173325,15.003143115765054,19.95602477756749
2016-09-17,17.4689177895233,14.849624016097646,19.83214573797895
2016-09-18,17.525871285908032,15.046577738997174,20.270725785502634
2016-09-19,17.450031585045597,15.12610624960861,20.169215833941294
2016-09-20,17.48305450595629,14.881128655788523,19.952719078858188
2016-09-21,17.363012182802755,14.785829537948786,19.9550861289463
2016-09-22,17.32100943405991,14.660856801350233,19.855307071052604
2016-09-23,17.27287563565884,14.627406474696501,19.801288635129005
2016-09-24,17.150217039349027,14.8039360672917,19.843471419663864
2016-09-25,17.19810094195889,14.59781264628138,19.83599739205754
2016-09-26,17.113479770836683,14.468547878712794,19.550595831612664
2016-09-27,17.1382133326694,14.487423111630257,19.753945568003665
2016-09-28,17.01056913114689,14.385485040906635,19.402229699094722
2016-09-29,16.96183228401343,14.19881884610304,19.68974274913447
2016-09-30,16.907991070596253,14.391686247864648,19.464486263044027
2016-10-01,16.78078325395274,14.237001227673762,19.200113096314343
2016-10-02,16.825374785249654,14.267519248898767,19.408944551521394
2016-10-03,16.73877915005116,14.138730234027122,19.22502029125865
2016-10-04,16.76287578403768,14.022069674723381,19.375713262106572
2016-10-05,16.635907623524762,13.934619433451662,19.34816394304445
2016-10-06,16.58908945497878,13.987651559588228,19.269239308595473
2016-10-07,16.538293196789144,13.985920927151945,19.1436712309208
2016-10-08,16.415095323766685,13.955569940512559,18.924699654174763
2016-10-09,16.46445806906514,13.880088120586962,19.066865489151645
2016-10-10,16.383152648828382,13.809182203718724,18.922044718058913
2016-10-11,16.412782880182807,13.898531709643107,18.944448739397465
2016-10-12,16.291289158843007,13.730211416455104,18.923670843540577
2016-10-13,16.249564320777303,13.67500912006009,18.913867438758466
2016-10-14,16.203147343732045,13.721300247662077,18.860712072408777
2016-10-15,16.083279888011326,13.280290451587064,18.644339322871925
2016-10-16,16.13459707187218,13.573576646765433,18.713975043664565
2016-10-17,16.053560465499277,13.285040828420707,18.303504821013036
2016-10-18,16.0814913980244,13.610648737937709,18.620021895545825
2016-10-19,15.956084260680536,13.439442538964665,18.712079811350602
2016-10-20,15.908031048574882,13.50164308939666,18.395739732679093
2016-10-21,15.852722824533814,13.25561554199214,18.420116374332675
2016-10-22,15.721312850052731,13.167726307369534,18.18268095657178
2016-10-23,15.758412550359079,13.267403092416595,18.489424678242916
2016-10-24,15.6605281026636,13.116914308771678,18.42272490813469
2016-10-25,15.669095587318479,13.149559207201591,18.12678832064318
2016-10-26,15.521994275977049,12.957055240961282,17.90346822621859
2016-10-27,15.450169240436468,12.730869201680123,18.04698209655564
2016-10-28,15.369328960049359,12.878468269575032,17.894134094901275
2016-10-29,15.211002721942313,12.768396888815198,17.596390120364855
2016-10-30,15.220229085028164,12.551285184527481,17.794593524864503
2016-10-31,15.093963435457717,12.559525954560833,17.71629693215213
2016-11-01,15.07416237305175,12.544660138618626,17.616697780619607
2016-11-02,14.899225569489888,12.259981878705368,17.36903162988062
2016-11-03,14.800625758757612,12.189941299470537,17.428705464656364
2016-11-04,14.694593267816073,12.257628558773643,17.191540768121378
2016-11-05,14.513160146226992,12.06399315076401,17.09360118347142
2016-11-06,14.501835525414466,11.914548646517074,17.062889822788783
2016-11-07,14.358020517210965,11.848649379504355,16.835390534642034
2016-11-08,14.324021155462885,11.766073352548995,16.86512537585069
2016-11-09,14.13853954726648,11.683720974602254,16.512591652717063
2016-11-10,14.033275022272221,11.42955846826774,16.514903642186354
2016-11-11,13.924601558089977,11.40075551807319,16.29242211299121
2016-11-12,13.744606854525776,11.263544861492806,16.13796758781201
2016-11-13,13.738764867619693,11.223377252646609,16.257805083241273
2016-11-14,13.604350235130182,10.975474476226228,16.093778193873607
2016-11-15,13.583453156309124,10.78690452023422,16.148497048575685
2016-11-16,13.414474885899002,10.873224470073154,15.859038690310193
2016-11-17,13.32873555736373,11.006983153639018,15.947585774819412
2016-11-18,13.242160474059968,10.748203222843722,15.659023408366592
2016-11-19,13.086330038555102,10.543797579842275,15.653074291158221
2016-11-20,13.10616486993594,10.379728513131028,15.541475230040017
2016-11-21,12.998354227328843,10.360333662216215,15.620694534968418
2016-11-22,13.004385944622431,10.564584869414036,15.513519135781456
2016-11-23,12.86205764334236,10.49041940743281,15.501096410115458
2016-11-24,12.80210052096183,10.181385174309144,15.4317423493991
2016-11-25,12.73988142217027,10.136336509841907,15.359460789926104
2016-11-26,12.606467930472803,9.986451649575907,15.078687155665694
2016-11-27,12.646327607540979,10.082758616139671,15.166164567613512
2016-11-28,12.555769098426516,10.13203648375945,15.174808550938067
2016-11-29,12.575982941361495,10.096959327994194,14.923593165439259
2016-11-30,12.444561527303247,9.785219047466432,14.992127853774257
2016-12-01,12.392129238840553,9.758711460551362,14.797720002880409
2016-12-02,12.33404827061782,9.707094695168951,14.871618665027158
2016-12-03,12.201484732189815,9.642512793111093,14.82433879211112
2016-12-04,12.239106097883944,9.779064078888924,14.843182351500937
2016-12-05,12.143517735340469,9.584293797304214,14.738224390427048
2016-12-06,12.156296441999501,9.60699785042076,14.69934569376381
2016-12-07,12.01550060077577,9.377155548268036,14.582474650332701
2016-12-08,11.952288222490022,9.44019853282086,14.649715801416017
2016-12-09,11.882608681378407,9.156678298050716,14.517585444348676
2016-12-10,11.738253107335854,9.105531864345807,14.24509732134814
2016-12-11,11.764534911533268,9.32268253119688,14.23890767788139
2016-12-12,11.658708627538608,9.222691089966698,14.152463047140397
2016-12-13,11.662985474190705,9.149341986275727,14.341498878418998
2016-12-14,11.51602574196696,8.977891341643089,13.932739961702712
2016-12-15,11.449539761091167,8.917140563159816,14.214145381249445
2016-12-16,11.379963734950726,8.6675072848642,14.06284827265966
2016-12-17,11.239495852976606,8.82794312425276,13.842488654591497
2016-12-18,11.273764570585474,8.75802013456737,13.769699506749793
2016-12-19,11.180237597983503,8.691572604927703,13.687013738946694
2016-12-20,11.201230301910932,8.648628400678417,13.786296326630561
2016-12-21,11.07539384920328,8.699580310907182,13.699240358635977
2016-12-22,11.034314999782568,8.478923929374776,13.606517045144283
2016-12-23,10.994193899329012,8.42145360192758,13.554171595438183
2016-12-24,10.886885267030948,8.220017900540684,13.44331086422823
2016-12-25,10.957574761442547,8.411241381144565,13.443993794524129
2016-12-26,10.903198877868544,8.329135213364854,13.541694840593514
2016-12-27,10.965466813432315,8.400659404863866,13.758378012069652
2016-12-28,10.882364287825354,8.342768052657782,13.476772036710555
2016-12-29,10.884770822127189,8.189252429941579,13.334215050351979
2016-12-30,10.88815636682607,8.292843601256068,13.42890744620324
2016-12-31,10.823642173513877,8.305676109189603,13.29314588228814
2017-01-01,10.935697163842033,8.45610953912609,13.439155436894964
2017-01-02,10.920577605403823,8.314829214488874,13.688241139954819
2017-01-03,11.019367987408064,8.37133108959173,13.708921761956672
2017-01-04,10.969502556111257,8.316171895423548,13.534830387180316
2017-01-05,11.00139851422601,8.324674739567243,13.613741825513017
2017-01-06,11.030166320958134,8.412486002846402,13.424808086320752
2017-01-07,10.986681589176303,8.601263894170053,13.589627467104988
2017-01-08,11.115289503139621,8.627341705154485,13.756677868653775
2017-01-09,11.11224931373016,8.63641679191746,13.542999495452053
2017-01-10,11.218776636271372,8.712827402347587,13.754869170875963
2017-01-11,11.172562933386878,8.311665537159382,13.556007031324642
2017-01-12,11.204403202705077,8.36259754181762,13.903836732748724
2017-01-13,11.229897415163155,8.427517915046476,13.723809982697304
2017-01-14,11.180510400776205,8.603654497098026,13.945672608233066
2017-01-15,11.30126139234914,8.705895739779494,13.793896154561429
2017-01-16,11.289151150678547,8.923581407261892,13.801599774869754
2017-01-17,11.386184833286837,8.974450265606231,14.101808073706971
2017-01-18,11.330870485224388,8.6056842270717,13.799928025579394
2017-01-19,11.354824714079811,8.822773164365824,14.046899829251045
2017-01-20,11.374451669311608,8.96956707073586,13.919161439845729
2017-01-21,11.321980614043714,8.88424759556707,13.907947062978735
2017-01-22,11.443133892248428,8.848015718666225,14.012678804998334
2017-01-23,11.43553379272063,8.71411365949119,14.009137545673187
2017-01-24,11.541707019624486,8.878908084673753,13.955907305349152
2017-01-25,11.500567151017965,8.879454070730816,14.130504831720637
2017-01-26,11.544007091860244,8.830747134936345,14.111599138616487
2017-01-27,11.588568015349772,8.93327647751675,13.959749278501233
2017-01-28,11.566470373565746,9.00894733612548,14.123517873902696
2017-01-29,11.723278984071595,9.001154002946246,14.284922599552708
2017-01-30,11.756310802745777,9.222584498643817,14.495091526584224
2017-01-31,11.907644103270364,9.381458243559194,14.6117713127274
2017-02-01,11.915609356447684,9.376878097488165,14.411921744418182
2017-02-02,12.011393630641138,9.569641165678563,14.724719552557657
2017-02-03,12.110724729542376,9.560008771209494,14.714666421629742
2017-02-04,12.144920285094113,9.557262239865269,14.85913305912737
2017-02-05,12.35857337291401,9.80561663787044,15.14226085519377
2017-02-06,12.447982756212571,9.83053970190503,15.1068243506659
2017-02-07,12.654185922505382,10.268244745364635,15.342388301202323
2017-02-08,12.714474612664079,10.185380523391817,15.37483228024919
2017-02-09,12.85902404793166,10.319687540445857,15.505018411090534
2017-02-10,13.002601449335332,10.269048058993377,15.552117640274052
2017-02-11,13.075638455690395,10.412653510709108,15.636987023300291
2017-02-12,13.321938421820319,10.697573071215041,15.844963847783681
2017-02-13,13.437126158466036,10.862612747276623,16.090013437400426
2017-02-14,13.661697788857827,11.20113623555286,16.251779458044187
2017-02-15,13.732550000035568,11.157530747300447,16.43346641349834
2017-02-16,13.879619551677276,11.216678092631225,16.307555245533806
2017-02-17,14.01759838137124,11.372665487813489,16.642170847565335
2017-02-18,14.077008750699667,11.496381484390149,16.60672682426763
2017-02-19,14.301909349571797,11.815502885001509,16.936653217402508
2017-02-20,14.388339955010842,11.736625569716804,16.998345779102486
2017-02-21,14.577362451753748,11.909309054550546,17.22094408196862
2017-02-22,14.606577718956409,12.014264922158379,17.226990907682794
2017-02-23,14.706749559507832,12.073008312761088,17.2465361311666
2017-02-24,14.793501403632684,12.085451384201539,17.419308229513824
2017-02-25,14.798370692337425,12.251369943786322,17.39883765443295
2017-02-26,14.966492375467316,12.32835437634314,17.62820012261664
2017-02-27,14.995019680371474,12.308256180015922,17.687054232269052
2017-02-28,15.12614054612003,12.671152147895597,17.593486819614355
2017-03-01,15.098569827580494,12.415696953644833,17.566420632901263
2017-03-02,15.14414904284734,12.565800023714797,17.690127900435
2017-03-03,15.179519974313752,12.724851743391481,17.68231980793711
2017-03-04,15.137157574537325,12.4544585000149,17.798237386214097
2017-03-05,15.263034110533535,12.656281818883992,17.781816659816343
2017-03-06,15.255023142374869,12.477841771475381,17.72344752355878
2017-03-07,15.355902101261224,12.80655409294905,18.009653102916463
2017-03-08,15.304833863294856,12.75361637414205,17.75531703155537
2017-03-09,15.33395929955522,12.817016594932245,17.799761808328
2017-03-10,15.360067230870634,12.84467589091344,17.99415092249833
2017-03-11,15.315627265713504,12.693727586330809,17.91025824867877
2017-03-12,15.446457392005698,12.927477766736052,18.132261814691716
2017-03-13,15.450134768679966,12.950982436651179,18.185704424973075
2017-03-14,15.569008250273994,13.074771729346217,18.136644417318372
2017-03-15,15.541692734414756,12.915319402934022,18.234861900121537
2017-03-16,15.599676941162485,13.086941596755523,18.209313454919617
2017-03-17,15.659010626586763,13.065269572505155,18.098895648770043
2017-03-18,15.651356240705752,13.11281964605923,18.45671373124108
2017-03-19,15.821676403038756,13.160352336214071,18.359898688790206
2017-03-20,15.866665128470773,13.273299686573338,18.268793993051172
2017-03-21,16.02778082173297,13.625318563660116,18.55123428956708
2017-03-22,16.042760627137927,13.594815528640703,18.63822585622731
2017-03-23,16.142247264103858,13.469117291117412,18.752807160467004
2017-03-24,16.241493909294498,13.554548883682763,18.727161843605888
2017-03-25,16.271431741694013,13.710796902333618,19.05676676145083
2017-03-26,16.476371187147702,13.79565057192619,19.313390752730925
2017-03-27,16.552444523028733,13.68884572513912,19.01435233641768
2017-03-28,16.740647659638743,14.140038502133402,19.373127554060222
2017-03-29,16.778360557232453,14.03295274762253,19.272465538239665
2017-03-30,16.895977356892146,14.41685782144719,19.422032283104258
2017-03-31,17.008611808559053,14.340498829804442,19.68128204431329
2017-04-01,17.04716270713385,14.293037737031371,19.651174469364857
2017-04-02,17.25601053520119,14.868425599983773,19.886480871563734
2017-04-03,17.331453196090077,14.86105345296348,19.93230816222521
2017-04-04,17.514738929937703,14.79342707029646,19.963922443897825
2017-04-05,17.543576191425313,15.055455427971088,20.07339466185055
2017-04-06,17.648751920583965,15.013936501228642,20.162972192659392
2017-04-07,17.74582416553934,15.154505761429288,20.16848746883806
2017-04-08,17.766174154671063,15.262064747183187,20.339892140340552
2017-04-09,17.954689402908926,15.33968751341428,20.5957459289873
2017-04-10,18.008186110535384,15.469325570292767,20.688945210394383
2017-04-11,18.16842929984568,15.600706620682514,20.873162154570263
2017-04-12,18.173630789465424,15.548867027077138,20.827744772182616
2017-04-13,18.25505671893888,15.665108139156695,20.8415183650578
2017-04-14,18.328710816763802,15.770312042729177,20.997846488872455
2017-04-15,18.326378691370813,15.800699990673612,20.885577606725146
2017-04-16,18.493304855818536,15.905687758795857,21.001374416868284
2017-04-17,18.52661081278513,16.1609353793211,20.973863387501506
2017-04-18,18.668312655482485,16.189462667971142,21.163360455953235
2017-04-19,18.6568182383581,16.130210548516715,21.32059628544695
2017-04-20,18.723535531454388,15.991729880411693,21.289241984018926
2017-04-21,18.78455820500966,16.107238771663223,21.301851424588165
2017-04-22,18.771713535681997,16.189388071812836,21.61438530480733
2017-04-23,18.93024412307533,16.40054071038963,21.461614935034437
2017-04-24,18.95723149541697,16.48541709638123,21.377481231098823
2017-04-25,19.094619795736897,16.509040215357153,21.585869893614568
2017-04-26,19.080719330939036,16.49607308853065,21.73757416996618
2017-04-27,19.146778202661842,16.719846068103053,21.674162326020372
2017-04-28,19.208803437227793,16.659280470196478,21.828162582358456
2017-04-29,19.198485210984558,16.567831318938868,21.641490853830057
2017-04-30,19.36092670681295,16.803833304761117,21.899559806576104
2017-05-01,19.393071876512657,16.994626173416417,21.69907244106879
2017-05-02,19.536732290660137,16.92553918697577,22.024549348044978
2017-05-03,19.530092767008025,16.868691343353433,22.213321447214234
2017-05-04,19.60432707746895,17.229906404883256,22.316163968331576
2017-05-05,19.675289525503924,17.203586027549434,22.163360360779933
2017-05-06,19.67456729761268,17.01584303627913,22.196315761770343
2017-05-07,19.84716496254839,17.412913505003967,22.277637886602875
2017-05-08,19.889929157719564,17.286762095340226,22.43356633103167
2017-05-09,20.04457169082878,17.435326657233603,22.762047687602315
2017-05-10,20.049170949722985,17.43317253403811,22.794130708519706
2017-05-11,20.134783144799666,17.753721314800767,22.628345685901927
2017-05-12,20.21712941446093,17.46824477395592,22.775895949375627
2017-05-13,20.22764394177483,17.68733273101814,23.07415979254496
2017-05-14,20.411154697434018,17.83891879809521,22.89447928180604
2017-05-15,20.464305078232908,17.93802688757352,23.12671544931632
2017-05-16,20.6285748787438,18.182141830500466,23.17678053596998
2017-05-17,20.64178067091805,17.995922870092436,23.379222197612048
2017-05-18,20.7346872628477,18.21676323842999,23.207789600356488
2017-05-19,20.82269637340118,18.304772916138315,23.41901556070645
2017-05-20,20.836897731828962,18.250465215878766,23.505867841258045
2017-05-21,21.021754229908375,18.35010912589413,23.351795816213137
2017-05-22,21.073529358256824,18.40439833512531,23.699308779935425
2017-05-23,21.23331527674589,18.810750230411514,23.727763222959293
2017-05-24,21.238541457402484,18.68295553814714,23.7792514243648
2017-05-25,21.31959538921405,18.69683052268275,23.928107740668032
2017-05-26,21.39152125883658,18.661764220544264,24.051414448193267
2017-05-27,21.385081558630088,18.96357247788681,23.97151875169424
2017-05-28,21.544452964105137,18.93102069916539,24.109722180462015
2017-05-29,21.565664407164217,18.81355307829266,24.109194717859484
2017-05-30,21.689635378940363,19.083420910833294,24.094089400163988
2017-05-31,21.653694082856347,19.082743393793447,24.353203521936962
2017-06-01,21.68820661747099,19.065724242530305,24.40239135814146
2017-06-02,21.70828281054771,19.15988702471652,24.243347348374332
2017-06-03,21.644843389589212,18.996143727985746,24.076027958950537
2017-06-04,21.74231959948262,19.133051364446537,24.34976028204728
2017-06-05,21.69709300451579,19.157556652056485,24.2693827740356
2017-06-06,21.75053336812881,19.18164391487485,24.470515090614253
2017-06-07,21.64051414436383,18.952446412929977,24.381599876842227
2017-06-08,21.598036731310792,19.041522298592184,24.21234289927594
2017-06-09,21.53892913814896,18.86861820288863,24.110490122095825
2017-06-10,21.394903840920016,18.636477406324452,24.191917152288696
2017-06-11,21.411246086068584,18.826989188225408,23.898884442919808
2017-06-12,21.285240582838032,18.742601956532997,23.83808247073472
2017-06-13,21.259194732631844,18.717308821901927,23.787810511143565
2017-06-14,21.071938228948817,18.32779382975958,23.65836757824358
2017-06-15,20.955430515393303,18.275134456336552,23.640832668319934
2017-06-16,20.826442119724643,18.32856930465299,23.46528973439376
2017-06-17,20.617595025327923,18.019605022219373,23.224823834218757
2017-06-18,20.575033735362954,18.006402319133002,23.07689092982637
2017-06-19,20.39683536667546,17.96599563419699,22.931146171487587
2017-06-20,20.32601730706721,17.698684589549,22.90857848608244
2017-06-21,20.102022634466973,17.472232468854838,22.512607206189788
2017-06-22,19.95731512039497,17.455929829343642,22.56295906532627
2017-06-23,19.80905013173564,16.974892034276436,22.282096413122
2017-06-24,19.59010684175835,17.014359812552755,22.314568481918048
2017-06-25,19.546753602134814,17.070634730351564,22.26864687576732
2017-06-26,19.377054951456945,16.87740396386648,21.8774185274774
2017-06-27,19.32387887059007,16.68477292247501,21.973795345677804
2017-06-28,19.126384496616282,16.59644598640416,21.721069608645493
2017-06-29,19.016622067183143,16.379913813626057,21.716629544153225
2017-06-30,18.911211296404257,16.398861764054185,21.403449558640606
2017-07-01,18.74238342115981,16.138976763107504,21.29157037504926
2017-07-02,18.755658542910354,15.896336322432045,21.215267244977202
2017-07-03,18.648266465334956,15.897618747869151,21.164797446739513
2017-07-04,18.662169321718963,16.05660772908358,21.334977992519814
2017-07-05,18.535565854453417,16.020539766500946,21.309911423537333
2017-07-06,18.499508745207237,15.877634288687648,21.000183097379484
2017-07-07,18.46960080939043,15.800685987282748,20.95263870412726
2017-07-08,18.377054901855363,15.896759526718881,21.04733602507805
2017-07-09,18.466388772513692,15.991267277857215,21.053707232761646
2017-07-10,18.433862700817183,15.759728816080154,21.086282360015524
2017-07-11,18.520517855799635,15.916902982505283,21.198532637110688
2017-07-12,18.463694929204785,15.79953893465733,21.059442599743353
2017-07-13,18.493664165097705,16.151539618854745,21.230565609934775
2017-07-14,18.525332370226785,15.880687715635803,21.0749324693878
2017-07-15,18.48931157326828,15.946405298670706,20.918257316933975
2017-07-16,18.62962044672874,15.746304081672891,21.209049168069395
2017-07-17,18.64212625129784,16.10156085225171,21.275289612837746
2017-07-18,18.767585236208802,16.327451571102184,21.233417601252253
2017-07-19,18.743161084836725,15.987642468742212,21.327564538163454
2017-07-20,18.79905262282069,16.311095442556407,21.206369559103777
2017-07-21,18.850196515034337,16.22156411322115,21.258021226797432
2017-07-22,18.827329804590438,16.084163629043925,21.536535406586097
2017-07-23,18.974683629452667,16.390473023040922,21.485490819840116
2017-07-24,18.98841612793188,16.425582364493994,21.49625241120418
2017-07-25,19.10964274012418,16.484563125600044,21.610179137511555
2017-07-26,19.075943781962327,16.149823027581824,21.523939676837124
2017-07-27,19.117980802372664,16.77695397805802,21.759799820498504
2017-07-28,19.15118774070836,16.73906004465305,21.74599609955669
2017-07-29,19.106822018389696,16.53308222452646,21.577592265162387
2017-07-30,19.22964716370646,16.627317412017245,21.821412981743006
2017-07-31,19.216355220650776,16.697496144404024,21.902399049112756
2017-08-01,19.30858735901578,16.951680937225674,21.7824425027904
2017-08-02,19.244432738730236,16.680367850535994,21.70760615711169
2017-08-03,19.25503727795216,16.74456575458747,21.705902831004128
2017-08-04,19.256288441749188,16.630207022153574,21.744514636227255
2017-08-05,19.179861244661005,16.51567447220463,21.655563214357446
2017-08-06,19.270897085616774,16.56235810954914,21.901389839793417
2017-08-07,19.226423647183083,16.79663229200353,21.869581895181053
2017-08-08,19.28837422187844,16.464576328560746,21.78731214187654
2017-08-09,19.19508643198632,16.58877799861183,21.716390852785654
2017-08-10,19.177911878381142,16.50711046117974,21.751632898118725
2017-08-11,19.152902698889314,16.579292014555623,21.728389424150333
2017-08-12,19.051860076593268,16.504200498627664,21.666249755271934
2017-08-13,19.12001615304204,16.43753071222725,21.804988076549442
2017-08-14,19.05445741034799,16.364587970252483,21.66412006815131
2017-08-15,19.097147718348236,16.56499855848419,21.696735038752838
2017-08-16,18.98643085387818,16.27591171929582,21.541117013356313
2017-08-17,18.95364388061637,16.302894919633346,21.42368657458752
2017-08-18,18.914807239897282,16.558239914521224,21.428560487938277
2017-08-19,18.801676483459378,16.17417650061449,21.274777851838046
2017-08-20,18.85942701724185,16.282962408622176,21.36583072464939
2017-08-21,18.785079859908514,16.429545841939564,21.173766243418243
2017-08-22,18.820526578420825,16.21405073906436,21.1592189896732
2017-08-23,18.70403320025133,15.976287567861261,21.227660752724056
2017-08-24,18.666854508558927,16.12025612742402,21.459721390058203
2017-08-25,18.624924611897928,16.046781268426678,21.195254020110113
2017-08-26,18.509908781114206,15.95797812466512,21.066822247855203
2017-08-27,18.566888001157416,16.113584259435754,21.128287442977225
2017-08-28,18.492784332907608,15.834806700038948,20.847789027538
2017-08-29,18.52938534703957,15.679135245072123,21.154063393439568
2017-08-30,18.414847532645343,15.842404471762098,20.946608426326637
2017-08-31,18.380310188685083,15.930709534312868,20.95081045845674
2017-09-01,18.341585785404387,15.866297113956454,21.06024084281144
2017-09-02,18.23021187333021,15.816688778585513,20.810372607862316
2017-09-03,18.291136057868794,15.648570546787564,20.871973051765217
2017-09-04,18.221142186870516,15.65829846568392,20.904368620120422
2017-09-05,18.2618760446837,15.649124691445822,21.072439940523125
2017-09-06,18.151350464349065,15.54503445995798,20.553235084152067
2017-09-07,18.120561351343973,15.39638011952658,20.742282370394094
2017-09-08,18.085180567827017,15.56167785722482,20.693211027994263
2017-09-09,17.97661069409219,15.52101727353826,20.497680322634668
2017-09-10,18.039673103618817,15.48009061475882,20.758854898272904
2017-09-11,17.971037399296648,15.419829702775006,20.552023741779703
2017-09-12,18.01225038996637,15.291230076346679,20.50851974390437
2017-09-13,17.901244394047907,15.131863817391269,20.492144158459173
2017-09-14,17.868956232949877,15.250963100986397,20.54415412165179
2017-09-15,17.83102273161155,15.190063333370153,20.44233447042701
2017-09-16,17.71883761563946,15.21914264198965,20.510263042306182
2017-09-17,17.777241123607343,15.156782070613279,20.319964267752972
2017-09-18,17.70295027875573,15.227392486189666,20.30393579083262
2017-09-19,17.737587914894174,15.28656583368315,20.4105759619864
2017-09-20,17.619190182032817,14.990601972687747,20.1918209530035
2017-09-21,17.578823859606185,14.943482910994229,20.058745418454382
2017-09-22,17.532279288747663,14.959889272834022,20.223476663705863
2017-09-23,17.411123837683583,15.026087148166953,20.093520282143018
2017-09-24,17.460387274462967,15.043200804237925,20.122183348819725
2017-09-25,17.376987077453112,14.592745832055792,19.880616789377672
2017-09-26,17.40275189351868,14.876780084672523,19.90378473373848
2017-09-27,17.27592301084258,14.858335795443912,19.92876860684664
2017-09-28,17.22776533834337,14.680744061698512,19.784464361184583
2017-09-29,17.174253885404386,14.6099863987236,19.55217649736855
2017-09-30,17.047120851108616,14.54410097937282,19.608452400589965
2017-10-01,17.091534899328718,14.390985437152974,19.70494048973432
2017-10-02,17.004520852867337,14.455820610023844,19.502273340205743
2017-10-03,17.027978213494187,14.598739556203768,19.550969550031777
2017-10-04,16.900178559255224,14.387872249950643,19.60723109229395
2017-10-05,16.85237347660865,14.360811275852958,19.444359408771387
2017-10-06,16.800479161822626,14.098638569644836,19.29692391124434
2017-10-07,16.676122911329625,14.095902419657367,19.19342307127622
2017-10-08,16.724323153014982,14.159947482013184,19.608504705321565
2017-10-09,16.641911288809535,14.000258682221164,19.196178758865614
2017-10-10,16.67055375154319,14.058668068753203,19.521104020995015
2017-10-11,16.54825428121343,14.176185641238096,19.121433133731085
2017-10-12,16.50596798955314,13.995468337804546,19.005604931355524
2017-10-13,16.45929321754455,13.748964335722588,18.703379148106134
2017-10-14,16.339526237175622,13.837142052557434,18.73293625789842
2017-10-15,16.391350246315664,13.772531510793952,18.772138981988885
2017-10-16,16.31126669424098,13.70672743646329,19.00035222936693
2017-10-17,16.340627084290535,13.751247323667927,19.040051299682546
2017-10-18,16.217144985649533,13.699559939376023,18.86216778106914
2017-10-19,16.171519540961132,13.53033356642003,18.674811204618713
2017-10-20,16.119136191358166,13.350381104719103,18.634833223573178
2017-10-21,15.991129394676703,13.358039154569504,18.536861237759897
2017-10-22,16.032078526859856,13.374505023019871,18.51703750066786
2017-10-23,15.938444764689407,13.455799728790975,18.686458619399275
2017-10-24,15.951606900032983,13.278900221712574,18.508220437412803
2017-10-25,15.809375644626336,13.152206131860774,18.210341724782165
2017-10-26,15.742617595013025,13.236753681506706,18.370420931318066
2017-10-27,15.666954506769141,13.221209446607249,18.193736589361112
2017-10-28,15.51382263469928,13.056279952629533,18.050818296105863
2017-10-29,15.528163363695594,12.933675010639778,18.122295812329163
2017-10-30,15.406853022586676,12.847492802816324,17.96833985931385
2017-10-31,15.391729967624906,12.860278205307146,17.76021573335262
2017-11-01,15.221098697198002,12.530666162490798,17.677348260144658
2017-11-02,15.126342405041962,12.53254115484037,17.625654177118697
2017-11-03,15.02360990400708,12.610544653199517,17.669107457788332
2017-11-04,14.84486199277003,12.235863505464824,17.409092128640662
2017-11-05,14.835548831220898,12.243439919992317,17.30496936994323
2017-11-06,14.693026573991899,12.09713790618088,17.332951418573558
2017-11-07,14.65957171226654,12.212920719027357,17.315057472559747
2017-11-08,14.473873245029651,11.9247035832191,16.990362539425064
2017-11-09,14.367634432425495,11.763822013212646,17.017424724884936
2017-11-10,14.2572503843604,11.804003354892872,16.822975096417583
2017-11-11,14.074846843938468,11.639444117750001,16.769402208896228
2017-11-12,14.065951975926051,11.459727266288262,16.723005880956798
2017-11-13,13.927909603716692,11.250455176618383,16.55126118541552
2017-11-14,13.902892481975464,11.183857852737246,16.551581450813487
2017-11-15,13.72939580127772,11.08204599983474,16.255879335492036
2017-11-16,13.638842687353115,11.167477457827896,16.146065690681116
2017-11-17,13.547267891344646,10.817324613803153,15.95896896504843
2017-11-18,13.386364907632913,10.674041178753047,15.788346099585151
2017-11-19,13.40116814233699,10.782999782133146,15.79702009202698
2017-11-20,13.2884783289701,10.591524383255075,15.664827111380246
2017-11-21,13.2898894773887,10.891738522568545,15.95015511951837
2017-11-22,13.143297204790198,10.448882067856651,15.574070007163584
2017-11-23,13.079519826235764,10.559338144965574,15.54314629352098
2017-11-24,13.013997988533644,10.326230659322029,15.606104009316505
2017-11-25,12.877857655127213,10.226599106946317,15.541601302773058
2017-11-26,12.915607631547374,10.367349948601092,15.50650010334636
2017-11-27,12.82357940174738,10.315554341089841,15.385669283627694
2017-11-28,12.842967154687265,10.366905319544445,15.491333104131055
2017-11-29,12.711347474140139,10.151190942498102,15.367421240099498
2017-11-30,12.659309735347282,9.999401830532959,15.176177085649236
2017-12-01,12.60216271032753,9.910075545317472,15.300134850566343
2017-12-02,12.471001967862007,9.986255954637352,15.171750813541493
2017-12-03,12.510409103505832,9.980573409404197,15.030151737680445
2017-12-04,12.416890488362188,9.864498146840546,14.984676193179737
2017-12-05,12.431913410299913,9.818650781034828,14.91394461263323
2017-12-06,12.293419151938863,9.791619758813093,14.987857305236314
2017-12-07,12.232444196491407,9.468330716531375,14.799088454257005
2017-12-08,12.164815283707174,9.578023721391013,14.685246763892392
2017-12-09,12.022203190182957,9.403785992150134,14.46526607841297
2017-12-10,12.04980661831212,9.357034651453962,14.495254116205714
2017-12-11,11.94477428329073,9.390625972980892,14.55586194559558
2017-12-12,11.94922351381625,9.412095059746807,14.514139636796896
2017-12-13,11.80173538232486,9.278476051316325,14.259163995633521
2017-12-14,11.733958044222716,9.243706488430568,14.128500807076916
2017-12-15,11.66228450026533,9.059733171310649,14.136066258803638
2017-12-16,11.518890138213639,8.994904369035169,14.127561410270104
2017-12-17,11.549401896452762,8.921666071652798,14.098442028559756
2017-12-18,11.451307560992419,8.881531257204351,13.956621594931963
2017-12-19,11.4669638850039,8.948483982901669,14.006244415184856
2017-12-20,11.335083860941529,8.700040604101346,13.731993622465385
2017-12-21,11.287335070242245,8.68278898844386,13.540153085921679
2017-12-22,11.24001549412323,8.6470968270469,13.781509386546825
2017-12-23,11.125092229293621,8.618056681595398,13.569601192736425
2017-12-24,11.187874954007835,8.607117446760801,13.711455125552936
2017-12-25,11.125432572662998,8.577933281629486,13.881263273811872
2017-12-26,11.17961156035507,8.535532858891575,13.545904852953512
2017-12-27,11.088536088877252,8.322066503089713,13.454368407093776
2017-12-28,11.083221535787736,8.586916370759763,13.834544666549972
2017-12-29,11.079267370002691,8.466077434589636,13.567670368219328
2017-12-30,11.007914411026388,8.51056733400458,13.73523830316964
2017-12-31,11.113737815561656,8.463677795173064,13.625472944348186
2018-01-01,11.093083696080159,8.743037648993026,13.6258823233155
2018-01-02,11.187107351235307,8.688490829955,13.581429456869849
2018-01-03,11.133292644789382,8.51288131317654,13.614245802143788
2018-01-04,11.162083601459539,8.657693394957501,13.892160996367057
2018-01-05,11.188593706161626,8.688468915498738,13.753185912574287
2018-01-06,11.1436774371279,8.599286904304892,13.78458348357304
2018-01-07,11.271634973403156,8.481317054544649,13.844362512487534
2018-01-08,11.268657633228145,8.850016939240062,13.690037508767931
2018-01-09,11.375871750311898,8.850266498037154,14.019139087428607
2018-01-10,11.330860335068166,8.893879181873535,13.953656207693768
2018-01-11,11.364293488765394,8.525658589431648,13.776522958946192
2018-01-12,11.391633049261532,8.836879864274561,14.117331589815088
2018-01-13,11.344196084610461,8.671657365314413,13.98633151956979
2018-01-14,11.466848352949786,8.996438743336883,14.177541574972212
2018-01-15,11.456435551119846,8.969011557292989,14.183900944481652
2018-01-16,11.554810406512619,9.044561361688745,14.115091671646907
2018-01-17,11.500335379582644,9.081270412025122,14.374865110661093
2018-01-18,11.524492427411309,8.872825410742735,14.110981706745632
2018-01-19,11.543565839058015,9.154315812835845,14.043944762612652
2018-01-20,11.489683326728258,8.956905101594797,13.956087574200849
2018-01-21,11.608487079672383,9.050765523675375,14.03661186399775
2018-01-22,11.597543196896936,9.112843625304476,14.019312371589477
2018-01-23,11.699348136179525,8.97977828575939,14.070818437225132
2018-01-24,11.652812503488658,9.042423381981767,14.014712802754671
2018-01-25,11.689854148632268,8.832180789825635,14.333251871301945
2018-01-26,11.727067038044012,9.20407828098402,14.27296624037178
2018-01-27,11.69675148119244,9.172260044675772,14.215798251764697
2018-01-28,11.844577731410803,9.186980978395404,14.184441206604706
2018-01-29,11.86799160390186,9.350615682635715,14.323581626876292
2018-01-30,12.009220881381239,9.4135364831175,14.634557847241354
2018-01-31,12.006762866840731,9.465011196083312,14.432641689147328
2018-02-01,12.09198498565742,9.548692658341457,14.703319271645288
2018-02-02,12.180804746678078,9.725694679135241,14.667526796862212
2018-02-03,12.20473438364565,9.67840397295017,14.671267160462481
2018-02-04,12.408561855243974,10.028377017503203,15.001329832872788
2018-02-05,12.48877642523487,9.95951665580191,15.102689251787751
2018-02-06,12.68659710396723,10.111515921016466,15.474898728097092
2018-02-07,12.739483766277681,10.262841717713462,15.195179447731789
2018-02-08,12.877762262335262,10.230400362436525,15.269991876350272
2018-02-09,13.016329219415192,10.385722428633132,15.748439164134458
2018-02-10,13.085721234221069,10.338523184954958,15.570783416129897
2018-02-11,13.329819518336569,10.682598341565678,15.757332856740735
2018-02-12,13.444297624639976,10.905663274838428,15.940685613709721
2018-02-13,13.66966997976544,11.185584436934988,16.07907665144449
2018-02-14,13.74282053325837,11.119095460023608,16.2936394041687
2018-02-15,13.893642400464904,11.37919557035712,16.307135504248727
2018-02-16,14.036753833726326,11.251529298204174,16.614410059584245
2018-02-17,14.102574943468358,11.307465905196452,16.549203975809878
2018-02-18,14.335036046046802,11.541825858975306,16.889056166720213
2018-02-19,14.430025177378154,11.923832674407413,17.06883802458364
2018-02-20,14.628432507440468,12.23303679503156,17.236809808709115
2018-02-21,14.667671074539877,12.036377453713053,17.269380982020646
2018-02-22,14.778304919621936,12.391175225230624,17.524435297513005
2018-02-23,14.875750247778162,12.186776658545677,17.41251012686402
2018-02-24,14.891334412440225,12.237658881726503,17.334699317160133
2018-02-25,15.06998404430524,12.630669227448212,17.59226367771526
2018-02-26,15.108650368526227,12.723734529382583,17.584229983209465
2018-02-27,15.249329995798915,12.482486824758862,17.878503224061337
2018-02-28,15.230561188277727,12.80208990842997,17.87724044433819
2018-03-01,15.284027278970777,12.728004567795063,17.779247850410307
2018-03-02,15.326233470953921,12.712657540043283,17.836816465675366
2018-03-03,15.28954239651523,12.86872632398906,18.016509948388407
2018-03-04,15.419840313445029,12.881053124433222,18.001112795956125
2018-03-05,15.414942493772088,12.788708419762157,18.02219240119334
2018-03-06,15.517596546265317,12.998962199453231,18.063239247203807
2018-03-07,15.466964062167927,12.93670927626374,18.099739857579014
2018-03-08,15.495212575009335,12.89478135374321,17.94864394582045
2018-03-09,15.519184289635856,12.8234448792253,18.19454307532659
2018-03-10,15.471427101169535,12.792389093515625,17.995331529090965
2018-03-11,15.597859831156143,13.09376183033205,18.123278262809606
2018-03-12,15.596180195675085,13.288074306357357,18.06869588447719
2018-03-13,15.708874118092043,13.36043582272901,18.348771720717128
2018-03-14,15.674706563885286,13.095526158349042,18.09409530334689
2018-03-15,15.725325599835928,13.188475024534927,18.35812694159888
2018-03-16,15.776945776448704,13.197031972236344,18.285124972747898
2018-03-17,15.76139594080452,13.120472210298859,18.30354444428683
2018-03-18,15.92380294817011,13.3230563851804,18.34752214719658
2018-03-19,15.961019295663672,13.424221666964197,18.392560757873394
2018-03-20,16.114652780115577,13.384078188353541,18.709177287326746
2018-03-21,16.12257784174803,13.278510534921885,18.62442946101521
2018-03-22,16.215559788561396,13.761210461809133,18.76835229025695
2018-03-23,16.30895751448496,13.635829424909119,19.158848753275226
2018-03-24,16.33378936665686,13.768702568821503,18.803582503246954
2018-03-25,16.534433223463775,13.954270743487607,19.145014454269305
2018-03-26,16.607068454876714,14.035857997928561,19.07976476732888
2018-03-27,16.79271757839361,14.322833207358158,19.337961666657602
2018-03-28,16.828767052516945,14.1659402966907,19.373587675770924
2018-03-29,16.945598256194014,14.323410052860577,19.658312749478185
2018-03-30,17.058294196085956,14.437081320966177,19.534135300030343
2018-03-31,17.09770660098412,14.602462304081557,19.74699489570464
2018-04-01,17.30815454194493,14.68607924179311,19.75695560874824
2018-04-02,17.3858623953631,14.749659275428295,20.108568512331317
2018-04-03,17.571995170797706,15.04911737446826,20.295122597493133
2018-04-04,17.604170909102983,14.9983079297271,20.290766834412317
2018-04-05,17.713081509079494,15.109190715653176,20.363298509870422
2018-04-06,17.81418787034082,15.191228612938888,20.456364900650144
2018-04-07,17.838774382744578,15.223152661138908,20.455064263943203
2018-04-08,18.031634285834052,15.478210236109419,20.503288024988837
2018-04-09,18.089494102848427,15.327856034494602,20.494204578592033
2018-04-10,18.254035549653153,15.751001462269546,20.904316438560855
2018-04-11,18.26339498326323,15.739883615578679,20.804804029217994
2018-04-12,18.348772078024258,15.71070087469235,21.05616199587443
2018-04-13,18.426113909059705,16.045594979462287,21.10806977551907
2018-04-14,18.4271597199316,15.851822911732706,21.044818437849344
2018-04-15,18.59711809346643,16.099130573387818,21.209141150446413
2018-04-16,18.633084870604968,16.0132377188998,21.047931411487152
2018-04-17,18.77706030036219,16.257438984108962,21.127949168492236
2018-04-18,18.767445935567775,16.43492372103321,21.21008804767558
2018-04-19,18.83565080369385,16.406866105794446,21.250979871057847
2018-04-20,18.89777719967328,16.410509575315526,21.41612478625623
2018-04-21,18.88566698923358,16.411229206742775,21.481504704777155
2018-04-22,19.044582089936636,16.39988923998205,21.6646743378406
2018-04-23,19.07162683507939,16.371590333577213,21.637190028538175
2018-04-24,19.208770461417465,16.665081179751493,21.828997057252867
2018-04-25,19.194349549033028,16.63324678108721,21.629278026967167
2018-04-26,19.259681798717043,16.616274385552067,21.99032494193534
2018-04-27,19.320756969844858,16.58197324857648,22.08557804197191
2018-04-28,19.309289858957364,16.734385286682528,21.774036843097313
2018-04-29,19.470406615958197,16.886984988049118,22.019367717138564
2018-04-30,19.501072310695072,16.846535267334286,22.25736508552461
2018-05-01,19.64311780612492,17.138550018368257,22.007114157596074
2018-05-02,19.63474562046097,17.09686018079408,22.243525724521874
2018-05-03,19.707146061004433,17.015114649980596,22.344350949243584
2018-05-04,19.776189396228183,17.252174149523917,22.24354571653719
2018-05-05,19.773478937509953,17.17307514642156,22.362675115234403
2018-05-06,19.9440363660163,17.336697738122606,22.398676395611833
2018-05-07,19.9847273016119,17.37230448749458,22.58337239140175
2018-05-08,20.137285296310697,17.538127931487857,22.779170748660086
2018-05-09,20.139814098377148,17.723697301054703,22.803812786644954
2018-05-10,20.22339966490766,17.65263931280422,22.539625563949183
2018-05-11,20.303797908881787,17.66732991781917,22.863975923971037
2018-05-12,20.31248328796275,17.83764588185681,22.836030277476585
2018-05-13,20.494329814368363,18.03490863964527,23.106811314779662
2018-05-14,20.546032725738716,17.90331880876173,23.157726389045365
2018-05-15,20.709129232999377,18.04145757242281,23.161372716470293
2018-05-16,20.721498406759807,18.13660490861933,23.19780974795247
2018-05-17,20.81397186946964,18.05887627381654,23.260874491348467
2018-05-18,20.90202143554182,18.236201178260554,23.381498782824607
2018-05-19,20.916808923582906,18.36412639802446,23.76499705844319
2018-05-20,21.10286979265986,18.559839736807586,23.8617883221914
2018-05-21,21.15653886735273,18.33863012093394,23.77748233255321
2018-05-22,21.318976542570546,18.824539047580313,23.895610857901016
2018-05-23,21.327675454387062,18.625954668454117,24.000305794023774
2018-05-24,21.41307915969525,18.916583967955127,24.073978116401666
2018-05-25,21.490278796061176,19.03174031680463,23.874051782811645
2018-05-26,21.49007273291963,19.102030225457746,23.992945828098097
2018-05-27,21.65666061649843,19.06548543534312,24.22278244231026
2018-05-28,21.686079793937694,19.103138077550824,24.393724301946502
2018-05-29,21.819242206503247,19.081691211648128,24.410581267225357
2018-05-30,21.793451423854304,19.148919289985887,24.344930763908273
2018-05-31,21.8390310439489,19.169367840506283,24.30035334767261
2018-06-01,21.87103011722245,19.242300601609948,24.514852639252958
2018-06-02,21.82029030845731,19.244483052595626,24.289472721359186
2018-06-03,21.931145925104687,19.36711516976679,24.399623161480235
2018-06-04,21.89986455668496,19.27020342820761,24.481164402569767
2018-06-05,21.9676862147941,19.4009364041887,24.600084899638976
2018-06-06,21.87234049255137,19.298035938100853,24.405565511867344
2018-06-07,21.844672867553058,19.320112780685797,24.26748186537046
2018-06-08,21.800345763122095,19.22010327371923,24.43568568498335
2018-06-09,21.67089909644033,19.049769974646107,24.16380605424376
2018-06-10,21.701441517385838,19.133869820844318,24.0790116994628
2018-06-11,21.58908021665309,19.101144688218103,24.16400544682073
2018-06-12,21.57594738303024,19.035896018967538,24.03645707838132
2018-06-13,21.400703071198343,18.482027185464442,23.851058787253276
2018-06-14,21.295145893169092,18.79249467565799,23.90509163800583
2018-06-15,21.175897476715356,18.645001266912733,23.694650347393907
2018-06-16,20.975445779306874,18.555131948851322,23.402025101691873
2018-06-17,20.939818843539527,18.493020620828588,23.321627834543513
2018-06-18,20.76699726732774,18.143351573672074,23.014813601383345
2018-06-19,20.69992386574725,18.171270375513853,23.238422585270104
2018-06-20,20.477990674959226,17.869743309367607,23.020950316752653
2018-06-21,20.333635082330566,17.855232264816056,23.014268195406387
2018-06-22,20.18401136934505,17.624834285763818,22.83631173180293
2018-06-23,19.96202306236834,17.39138197496833,22.47878716095533
2018-06-24,19.913987939073373,17.567585396345248,22.473477443628642
2018-06-25,19.73804417410584,17.092794040151432,22.33807704338249
2018-06-26,19.677156254200995,16.89558529956031,22.317490675332905
2018-06-27,19.470600905581968,16.780015335221517,22.228424686073712
2018-06-28,19.35056484694399,16.742375502693765,21.9104963333952
2018-06-29,19.233820619911466,16.899069446523878,21.94339930103773
2018-06-30,19.052765794504218,16.51880406400835,21.617111553345197
2018-07-01,19.05309723976994,16.57337802520264,21.58834568112826
2018-07-02,18.93222872962997,16.444614907209537,21.60181752484002
2018-07-03,18.93231025047524,16.453746928732905,21.53764659425373
2018-07-04,18.791728946488977,16.16161682751479,21.50630136863934
2018-07-05,18.74172317402535,16.26971177924004,21.43232867629155
2018-07-06,18.69807554876673,16.10827664222392,21.266877020148936
2018-07-07,18.592169898307045,15.830990190473408,20.935464446779232
2018-07-08,18.668683418583043,16.19586275263309,21.55121789813021
2018-07-09,18.624021915486743,16.20662630467404,21.14834532029768
2018-07-10,18.699356122186863,16.275322446441983,21.27349455037024
2018-07-11,18.63213867407087,16.021320002320653,21.12898054656761
2018-07-12,18.652732888962838,16.120375245146956,21.122212863335957
2018-07-13,18.676118950656274,16.129113691867765,21.343044556820015
2018-07-14,18.63296216708468,16.09255105740784,21.236747014833075
2018-07-15,18.76731440974276,16.202245673414584,21.348012591523254
2018-07-16,18.775056477080433,16.222663047181747,21.512374880188702
2018-07-17,18.896939289207925,16.38345982471864,21.447405374103713
2018-07-18,18.870103468741082,16.243622089802635,21.360223594796633
2018-07-19,18.92470848363416,16.52800982106377,21.401747790066054
2018-07-20,18.97563703119198,16.311271099655453,21.436559790253934
2018-07-21,18.953559465060014,16.368576454482735,21.477001989484993
2018-07-22,19.10262954664349,16.47085736541919,21.73400831455338
2018-07-23,19.118919476925857,16.54329928332854,21.71507663216059
2018-07-24,19.24345236079741,16.641727435024,21.765841219934376
2018-07-25,19.21371192744845,16.643496613077524,21.9133052093891
2018-07-26,19.260260967410083,16.5776903531579,21.851333149733513
2018-07-27,19.298434457959107,16.69747792497114,22.071946514220826
2018-07-28,19.259392470872882,16.792175259242377,21.88188718751377
2018-07-29,19.387804427951043,16.85157446838326,22.10905302456322
2018-07-30,19.380272928644892,16.87855261796408,21.856375632613602
2018-07-31,19.47835554799537,16.680120828613802,22.10802638929892
2018-08-01,19.420064646439254,16.66172744400057,22.05137976262667
2018-08-02,19.43647683718864,16.71624402747461,21.97199256468563
2018-08-03,19.443418231509444,17.008814915579265,22.23401588824423
2018-08-04,19.372510665495227,16.84257030202849,21.838699687516105
2018-08-05,19.468850543231497,17.08685619255826,22.109353818185912
2018-08-06,19.429428550045003,16.884781466256477,22.070831110008548
2018-08-07,19.496148624557947,17.011206217437376,22.1491223918807
2018-08-08,19.407326185190822,16.71804854490871,22.079372416253896
2018-08-09,19.394297177907337,16.92278327237869,22.005731770201347
2018-08-10,19.37310395790884,16.71888495263006,21.939290373967843
2018-08-11,19.275543077643977,16.55782390861426,21.9639132173965
2018-08-12,19.346846466710304,16.738536485577445,22.00605514649551
2018-08-13,19.284104095944006,16.790249669616,21.799412179966787
2018-08-14,19.32928634695017,16.773658739061606,21.927730191793607
2018-08-15,19.220745915271973,16.739785113241876,21.6037379658317
2018-08-16,19.189830652290443,16.689112221467205,21.768795463271264
2018-08-17,19.152573207982822,16.639259125551778,21.806348082223728
2018-08-18,19.04074241215034,16.539253455978354,21.774004172605615
2018-08-19,19.099527764774663,16.510193508241745,21.688866884643467
2018-08-20,19.02596503583496,16.537336435599023,21.47800046136711
2018-08-21,19.061961129017504,16.53549175057978,21.684135952959355
2018-08-22,18.945797997019497,16.413887062762768,21.687272752522393
2018-08-23,18.90874699954592,16.345263241468253,21.4722687519845
2018-08-24,18.86675957780767,16.292834325904362,21.546042320259737
2018-08-25,18.751519218712485,16.178110893047595,21.29573352668134
2018-08-26,18.808126136291076,16.10725295312349,21.4613546360613
2018-08-27,18.733522745405775,16.238344443970384,21.28350902557786
2018-08-28,18.76951817084511,16.280894961581843,21.214647046485116
2018-08-29,18.6542916775496,15.950502997020735,21.124962299107068
2018-08-30,18.619006515815286,15.921765627823111,21.1687464622365
2018-08-31,18.57950015781713,16.014821619902534,21.301757480560596
2018-09-01,18.467335996204167,15.919169312809919,21.189630296532847
2018-09-02,18.527488020294715,16.036309935928987,21.085779692774906
2018-09-03,18.456766619247947,16.016720625907,21.069014341180807
2018-09-04,18.496843812352235,15.94315937024828,20.91669020100015
2018-09-05,18.385757829089787,15.738413750914026,20.952046490610282
2018-09-06,18.354528547505105,15.728498662704665,20.886736670829965
2018-09-07,18.318849758519825,15.732994071370044,20.955764633117248
2018-09-08,18.210143294560485,15.683420719577517,20.806360328013646
2018-09-09,18.273246482690805,15.815471052135372,20.942582388879316
2018-09-10,18.20484099493941,15.623007447038258,20.738995320840225
2018-09-11,18.246481300411155,15.685546826516468,20.88848901468993
2018-09-12,18.13610253075679,15.69707806002043,20.651925674880346
2018-09-13,18.10463914485066,15.608311680592472,20.764972666501958
2018-09-14,18.067720230598002,15.590666554236874,20.764329635603012
2018-09-15,17.956726350396497,15.245855798400115,20.576591052434644
2018-09-16,18.016479261601916,15.291876398590976,20.38115032879235
2018-09-18,17.979900671808835,15.360049998679557,20.615801773145336
2018-09-19,17.863167931248014,15.321268221205786,20.585102304761506
2018-09-20,17.824505703903004,15.102029684116031,20.166866304618495
2018-09-21,17.77966671036297,15.191351558984719,20.31170080606697
2018-09-22,17.66017942838685,15.108638798873292,20.180607405683823
2018-09-23,17.71103459348856,15.18861102977216,20.267231687679207
2018-09-24,17.629111701941888,15.02900930766521,20.162129116060793
2018-09-25,17.656203692037938,15.12455054105918,20.14247472960883
2018-09-26,17.530519633771274,14.754813914859724,19.867627829229203
2018-09-27,17.483296880599955,14.90862426890172,20.0887920924383
2018-09-28,17.430488638314024,15.005859686903069,20.069197292463738
2018-09-29,17.303812022399683,14.724382515472284,19.867710328326737
2018-09-30,17.348428144593928,14.707256828324493,19.749533661330446
2018-10-01,17.261362429519558,14.731265245782279,19.807843966503075
2018-10-02,17.284523540464566,14.744853418613841,19.917992381173278
2018-10-03,17.156200943483046,14.58255734897318,19.665204535195095
2018-10-04,17.107672751621376,14.623543944876554,19.565725004731156
2018-10-05,17.05488997518345,14.611880431125618,19.76094287498679
2018-10-06,16.929522396904083,14.344074423356473,19.312314059546097
2018-10-07,16.976637731233946,14.58711097660323,19.615591410061548
2018-10-08,16.89312235336592,14.344530133672162,19.3977334861027
2018-10-09,16.920702024131895,14.271699394518192,19.498505201824972
2018-10-10,16.79744264649751,14.307699521058908,19.40411910542438
2018-10-11,16.754362659877167,14.097387038868135,19.214364825292414
2018-10-12,16.70712312005871,14.019433196645682,19.45596601478286
2018-10-13,16.58708056390852,13.992043350405519,19.250447786108392
2018-10-14,16.638983102658393,14.052689176054722,19.135369400270406
2018-10-15,16.559373116255617,13.936975352630556,18.981264931531328
2018-10-16,16.589644185570013,14.077674707168281,19.120250713662045
2018-10-17,16.467542610397896,14.005427243603041,18.986153224931734
2018-10-18,16.423789568100858,13.691391701690097,18.83675043061176
2018-10-19,16.373780736339974,13.811498531212518,18.96470072030163
2018-10-20,16.248648195445018,13.702017304833763,18.919467445611698
2018-10-21,16.292955832371362,13.731797835680888,18.95541192019863
2018-10-22,16.203136072627352,13.57615308185712,18.82840249772025
2018-10-23,16.22052589803993,13.565156952681223,18.99402495849427
2018-10-24,16.082881722387445,13.564022203101194,18.64416474368818
2018-10-25,16.021004285849525,13.368633650415486,18.566741817374826
2018-10-26,15.95043920288538,13.179920630984387,18.56882503158788
2018-10-27,15.802537894723477,13.141705584259496,18.41902302991075
2018-10-28,15.82215009592465,13.052706397835664,18.294506363064123
2018-10-29,15.706055783133383,13.19548782593011,18.231248555982063
2018-10-30,15.695994560578333,13.177094828808379,18.18515318812219
2018-10-31,15.530172205203009,12.637334608542718,17.97652601758463
2018-11-01,15.439875714960843,12.937016955047856,17.960652844665745
2018-11-02,15.341162725221304,12.711190283598828,17.922856494383947
2018-11-03,15.165910297057385,12.550161836489638,17.843816942598277
2018-11-04,15.159494574951436,12.473942714337973,17.753607026796377
2018-11-05,15.019209497554417,12.332852124598643,17.630833693512134
2018-11-06,14.987282950074317,12.372150143590385,17.627561771776854
2018-11-07,14.802370424032002,12.180899999822785,17.56751385021044
2018-11-08,14.696157889430154,12.28878065504189,17.248334810593175
2018-11-09,14.585040094179845,11.978979896469871,17.064863859519214
2018-11-10,14.4011596226501,11.82578301133211,17.053779147492868
2018-11-11,14.390078507392253,11.854901139695802,16.851998852619374
2018-11-12,14.24919083361087,11.718811987669588,17.004906351111067
2018-11-13,14.220734932226575,11.65876634437074,16.810581651630333
2018-11-14,14.043285379086305,11.29364903916724,16.654460975357168
2018-11-15,13.948356596362661,11.320843166427476,16.414818564417473
2018-11-16,13.85208429744649,11.257726908476478,16.433436293693102
2018-11-17,13.686270067183226,11.068198613058453,16.152791023256718
2018-11-18,13.696060764891264,10.89921441465946,16.450114715039216
2018-11-19,13.578371018363633,11.146528450356158,16.22471052593177
2018-11-20,13.574907172184819,10.972345480249011,16.25135320432214
2018-11-21,13.423672619750509,10.77052408958271,15.829821753873443
2018-11-22,13.355585978317801,10.871277483909253,15.799214837037939
2018-11-23,13.286177971736393,10.618431829994325,15.884392044986933
2018-11-24,13.146651905988113,10.452364574112092,15.749905707108926
2018-11-25,13.181578999083834,10.482034809754056,15.85636618232419
2018-11-26,13.087336399984995,10.51634017509115,15.501241471638593
2018-11-27,13.105145830768599,10.63895353519797,15.608082107092326
2018-11-28,12.972592368673428,10.339168479557552,15.662365692702465
2018-11-29,12.920254442780934,10.26005152401328,15.32948432834696
2018-11-30,12.863410564668968,10.206826692100833,15.558123314118404
2018-12-01,12.733107382324974,10.152227045612305,15.345904025036862
2018-12-02,12.773860081416178,10.213768797282787,15.276921173521897
2018-12-03,12.682092796959479,9.97632613939226,15.345518177140333
2018-12-04,12.69917686949115,10.224046056044335,15.526525474233202
2018-12-05,12.562946437517782,9.920363980000921,15.007105151073283
2018-12-06,12.504322493099625,9.913733176636029,15.050207658138701
2018-12-07,12.439011048554775,9.935476784456156,15.014265875919184
2018-12-08,12.298560206159172,9.674336568322286,14.790590858049475
2018-12-09,12.328047426840248,9.805582823264494,14.84345587938948
2018-12-10,12.224504995424407,9.616165356284094,14.945881664801052
2018-12-11,12.229941905199052,9.50658823124156,14.860537387325241
2018-12-12,12.08284208627147,9.574004478828764,14.623666918319957
2018-12-13,12.014770569862858,9.325477441591811,14.650700873147512
2018-12-14,11.942053721907325,9.380993823500372,14.349522037769097
2018-12-15,11.796818830126593,9.279397708245986,14.418899936602063
2018-12-16,11.824664826222113,9.232246673697302,14.295355553310818
2018-12-17,11.723072606263294,9.319902819126199,14.320774066983633
2018-12-18,11.734413604305988,9.077924741558812,14.30820999320848
2018-12-19,11.597436930430938,9.086642555762536,14.201601473864669
2018-12-20,11.54386699531765,9.026143143837816,14.019680312777929
2018-12-21,11.490078018199732,8.895580386420804,14.104167352359005
2018-12-22,11.368130891388386,8.906712078363922,14.07867531761009
2018-12-23,11.423444291498143,8.94657486317545,14.047922334182338
2018-12-24,11.353208524626341,8.652692937486206,13.86457935779617
2018-12-25,11.39940069874634,8.827852150982999,13.920914259574186
2018-12-26,11.300281387641764,8.661281191379992,13.788794177332322
2018-12-27,11.287004479658979,8.581531987645334,13.837495527663693
2018-12-28,11.275306302780255,8.562611840109955,13.665366189945084
2018-12-29,11.196559124935783,8.586551513698783,13.731505811910413
2018-12-30,11.295460486125366,8.934221493584797,14.187032536678878
2018-12-31,11.268466367964594,8.672460419549218,14.1203995661494
2019-01-01,11.356826277015738,8.830731941471436,13.986658575020568
2019-01-02,11.298099867808478,8.680027389976402,13.9461688067214
2019-01-03,11.322786253451346,8.822568703932788,14.027776335099693
2019-01-04,11.346031557818268,8.756406484565177,13.846041920182916
2019-01-05,11.298699293351499,9.000459924546155,13.948586923065637
2019-01-06,11.425074543048146,8.79850966483887,13.98991770638117
2019-01-07,11.42130952450815,8.59076848288204,13.966347270601338
2019-01-08,11.528468247018814,8.859220211510104,14.152667023181522
2019-01-09,11.484049595071099,8.880987478235436,14.142442154985666
2019-01-10,11.518619775142888,8.762724161404552,14.117363909350082
2019-01-11,11.547519556580838,8.943562023346995,14.204471132847289
2019-01-12,11.501930859453317,8.94926905485895,13.981353876462272
2019-01-13,11.626573730391744,9.032724635545819,14.115323567250558
2019-01-14,11.618141439473572,9.031803964378557,14.278606527104273
2019-01-15,11.718331653552426,9.288717286355475,14.249329235334175
2019-01-16,11.665353347286784,9.235933117345455,14.314557175961239
2019-01-17,11.690540791768317,9.07425095053404,14.289405627591648
2019-01-18,11.710040519612228,9.097789690080289,14.149646173675194
2019-01-19,11.655856340294173,9.1726704422725,14.25133071388067
2019-01-20,11.773524006945522,9.237546701697891,14.292163203302483
2019-01-21,11.760523852406024,8.9824947531381,14.330844189260732
2019-01-22,11.85928994379211,9.353210538404559,14.345619165461864
2019-01-23,11.80869600394001,9.3007532081637,14.468971218190344
2019-01-24,11.84065000433018,9.389317493074877,14.337464971641785
2019-01-25,11.871763855435756,9.558457575184674,14.547460379222077
2019-01-26,11.834383743528857,9.31253680909488,14.265591065294156
2019-01-27,11.974253125595087,9.438118596786342,14.526527816265634
2019-01-28,11.988917034617264,9.32198711961238,14.386830528485962
2019-01-29,12.120726493627267,9.603226691900172,14.660284624466081
2019-01-30,12.108323443774712,9.621542076188415,14.70609450210433
2019-01-31,12.18323815101023,9.788914615472992,14.851473988650962
2019-02-01,12.261565478474083,9.881705472349756,14.702961366390094
2019-02-02,12.275005436471703,9.630177730547851,14.835661465490512
2019-02-03,12.46853978956309,9.886122074970343,15.025148805051328
2019-02-04,12.538853051597613,9.87090164763856,14.909011408284773
2019-02-05,12.727356264578836,10.126642621833565,15.389739154063436
2019-02-06,12.771693493282982,10.200786591787782,15.532369452177484
2019-02-07,12.902362468309725,10.378821781090782,15.465992280472596
2019-02-08,13.03441518790179,10.395601536197537,15.492968314030936
2019-02-09,13.098523283791376,10.537664738911348,15.67068405647179
2019-02-10,13.338679309868839,10.771990359919124,15.821591831892517
2019-02-11,13.45064166577874,10.745768859139309,16.037677985308502
2019-02-12,13.674980950708449,11.20185797372104,16.3161789738086
2019-02-13,13.748607112329962,11.190044001823402,16.32137835820761
2019-02-14,13.901408304979078,11.176820294870506,16.44503398819553
2019-02-15,14.047966810534675,11.435809351888242,16.620846378175322
2019-02-16,14.118636443885594,11.534819964433833,16.986863565030234
2019-02-17,14.357252301638754,11.677106978382682,16.831797014476688
2019-02-18,14.459580356868642,11.983915980777772,17.188228416166197
2019-02-19,14.666364581848683,12.02459286575143,17.222626142616182
2019-02-20,14.714850948980223,12.133149075407516,17.411357636081707
2019-02-21,14.835419307895437,12.32090711147187,17.280481391911348
2019-02-22,14.943288672117324,12.390980329485094,17.506221716501262
2019-02-23,14.969580608084987,12.381106892782718,17.641126809443865
2019-02-24,15.159011939629856,12.572814404291275,17.73267832285109
2019-02-25,15.208324699106507,12.741099389922399,17.84118464167934
2019-02-26,15.359311498012312,12.872020811471796,17.855011618427383
2019-02-27,15.350316207654018,12.67263465220174,17.772502410123554
2019-02-28,15.41284152340938,12.780708663844104,18.027988286798564
2019-03-01,15.463229541706212,12.85445802771121,17.938772425469015
2019-03-02,15.433700642962817,12.970884814872818,17.94949358614111
2019-03-03,15.570022483257391,13.083976013245291,17.973762246367915
2019-03-04,15.569917589820928,12.997560011324385,18.27274215653421
2019-03-05,15.676068257040116,13.388598074629833,18.232373854211087
2019-03-06,15.627599104356502,13.10682645378251,18.10762936462301
2019-03-07,15.656669275848941,13.131508584738842,18.242178516338836
2019-03-08,15.680140742682525,13.21528934586645,18.31430339587571
2019-03-09,15.630608251820945,12.965165899881896,18.266877594000427
2019-03-10,15.754062886768159,13.081556175276022,18.369005330604857
2019-03-11,15.748297808193316,13.17280035475498,18.38928841749664
2019-03-12,15.85591485310829,13.3484656756648,18.242540885200548
2019-03-13,15.815812247020517,13.304490587444485,18.406108188414844
2019-03-14,15.85978521709929,13.401176275636734,18.458471641707614
2019-03-15,15.90420569734993,13.128661551136018,18.432042894614913
2019-03-16,15.88106632894278,13.247576614242355,18.526785674705348
2019-03-17,16.03566032118128,13.429559340569664,18.678167472925026
2019-03-18,16.06500529222956,13.572264896309443,18.74960251298561
2019-03-19,16.210869283677365,13.604837713303207,18.699797616831027
2019-03-20,16.211278696297317,13.50872575147363,19.021871398338632
2019-03-21,16.297139419258745,13.609219832905717,18.867527909272294
2019-03-22,16.383936833016545,13.930971503477915,19.186418335808263
2019-03-23,16.402799396626957,13.722348481004609,19.03806362293813
2019-03-24,16.59819692353611,14.131361968853087,19.22660763094548
2019-03-25,16.66638124601417,14.136246979473718,19.375425707909738
2019-03-26,16.84842709598597,14.405873456242881,19.24867380525266
2019-03-27,16.881752644400212,14.296910480230885,19.327339850232285
2019-03-28,16.996750733954535,14.389268642286073,19.39333872962465
2019-03-29,17.108496320355073,14.552017620292089,19.598741622110374
2019-03-30,17.147814742772898,14.498522525932295,19.823279171349554
2019-03-31,17.358981912852617,14.873061793077879,19.978834264189217
2019-04-01,17.43816418143351,14.92078915699119,19.90186388171537
2019-04-02,17.626455839748946,15.184398839877158,20.295160320240388
2019-04-03,17.66139389068426,15.117973486337414,19.989672865072592
2019-04-04,17.77358137556156,15.243773552874211,20.344559475237652
2019-04-05,17.878385070771927,15.358645276151043,20.526269475575116
2019-04-06,17.90699251274615,15.074359983115912,20.54432303159938
2019-04-07,18.104099806382273,15.488501768581568,20.577182933216584
2019-04-08,18.166338358594565,15.60493052034589,20.674540284439534
2019-04-09,18.335298881518394,15.836719128093026,21.094406450926463
2019-04-10,18.34903268358351,15.55490125695404,20.770364312636985
2019-04-11,18.438661894589227,16.064178193933046,20.955559950354893
2019-04-12,18.520064785651652,15.973106602738524,21.113217600624832
2019-04-13,18.524921436140584,15.931791722765047,21.060590447873658
2019-04-14,18.698391465513453,16.195755432792435,21.18910126312056
2019-04-15,18.737532179600592,15.841398802023223,21.315366447808195
2019-04-16,18.884315630255774,16.074120141391933,21.2109358896045
2019-04-17,18.877124702988258,16.24870835328522,21.309622723318792
2019-04-18,18.947359922097665,16.36254496573651,21.47012314763035
2019-04-19,19.011123107533034,16.567836967367747,21.604279648634055
2019-04-20,19.000263071219948,16.432008192648592,21.49962503737625
2019-04-21,19.160054943151685,16.49714573698783,21.706373522392525
2019-04-22,19.187621309400594,16.79048060551456,21.751361952640135
2019-04-23,19.32495345488092,16.7883961060475,21.867434191342127
2019-04-24,19.31041258945138,16.562917059760533,21.85338828715142
2019-04-25,19.375342489736607,16.8155002928388,22.20408308241949
2019-04-26,19.435759421813977,16.694250373473892,22.050451698664226
2019-04-27,19.423404260995603,16.815622775473475,21.857947584386693
2019-04-28,19.583428134299275,16.976960653707064,22.06313099131179
2019-04-29,19.61281951886724,17.223711587121276,22.27113065000714
2019-04-30,19.75343086424174,17.116400151748966,22.449959169642643
2019-05-01,19.74348442350897,17.115649500563602,22.46271540514744
2019-05-02,19.81418856956224,17.016031824615187,22.29160904471839
2019-05-03,19.881430347833714,17.215997572588588,22.388362474353976
2019-05-04,19.876829113531166,17.274320099690495,22.440720682497187
2019-05-05,20.045422558244358,17.554298484160633,22.747565897836807
2019-05-06,20.084093086013876,17.639106544304028,22.66235498965125
2019-05-07,20.234592679759036,17.800591663232034,22.853876009663942
2019-05-08,20.23504605923545,17.652383925712996,22.776340659029184
2019-05-09,20.31656356165956,17.684876351517207,22.923625132094607
2019-05-10,20.394929684235137,17.847890747681685,22.755177230956253
2019-05-11,20.401652350695784,17.803553249725088,22.956951779991417
2019-05-12,20.581644439255758,18.100529525599352,23.20800409543856
2019-05-13,20.631645774716414,18.18324456985022,23.248834486339604
2019-05-14,20.793243969701475,18.236803172304,23.429764086419077
2019-05-15,20.80437415286919,18.382466120147118,23.300739416934256
2019-05-16,20.8959292359607,18.225391177555355,23.27132288365492
2019-05-17,20.9834468555269,18.450702873644293,23.465976017981237
2019-05-18,20.998158216582684,18.547424998746127,23.715239600155204
2019-05-19,21.1846705027864,18.731670806967895,23.82293873973271
2019-05-20,21.239391139966294,18.661796559471753,23.74502401917502
2019-05-21,21.403552334967806,18.956449763273024,24.074315994272037
2019-05-22,21.414715915230165,18.85702363869515,24.03558104354415
2019-05-23,21.503390058180482,18.92141961085312,24.072746126384065
2019-05-24,21.58472393395691,19.045869790725618,24.03802243898118
2019-05-25,21.58956532914059,19.01048634200976,23.99848806170619
2019-05-26,21.762152713172622,19.122356749100966,24.337543055163515
2019-05-27,21.798549793257884,19.167130624103535,24.24155253059758
2019-05-28,21.939680707196928,19.33422633080256,24.695947705183542
2019-05-29,21.92284558312879,19.33998870435549,24.42842928093698
2019-05-30,21.978347743441837,19.440778791505654,24.751661580710095
2019-05-31,22.021198258235124,19.386626879096767,24.588755563164707
2019-06-01,21.982182601019787,19.435089616846277,24.61786324904366
2019-06-02,22.105560565965384,19.59579812793544,24.69333565582946
2019-06-03,22.087507212019688,19.522080013640675,24.68847529689392
2019-06-04,22.169152733541598,19.58285672526057,24.673100831855844
2019-06-05,22.08810077526426,19.464881041803643,24.710334300699174
2019-06-06,22.075056303342144,19.458760736155526,24.680832467846614
2019-06-07,22.045528623779763,19.39203678388956,24.78694474548149
2019-06-08,21.930894242600846,19.385841545617872,24.49310583956588
2019-06-09,21.976090727362756,19.084369785049,24.519594657066808
2019-06-10,21.878049395440478,19.097346259059453,24.48707696679805
2019-06-11,21.87872484812474,19.173879288847157,24.441043832726354
2019-06-12,21.71660104493433,19.29960956343621,24.197920302275836
2019-06-13,21.623305259854565,19.200098172828284,24.237731704304316
2019-06-14,21.515295788822723,18.995971826810646,24.118845692287803
2019-06-15,21.32490842224134,18.66379012726521,23.904512715922788
2019-06-16,21.29803319501505,18.737215939010795,24.017231173287062
2019-06-17,21.132529617045265,18.638711825519245,23.968379576213376
2019-06-18,21.071238795727233,18.48936252894572,23.430960825839453
2019-06-19,20.853472542241597,18.299700280310883,23.36836422349053
2019-06-20,20.711611195374108,18.263576568125675,23.402999448479562
2019-06-21,20.56277640861655,18.120537767818366,23.268371241025335
2019-06-22,20.339864265399648,17.811037819165175,22.829207429583374
2019-06-23,20.28921055144929,17.562889908722394,22.829622333586997
2019-06-24,20.10899666090438,17.676594447937998,22.653062503111897
2019-06-25,20.042254771488047,17.458549970524544,22.600730940069955
2019-06-26,19.828352548526585,17.429842880557665,22.291163003998452
2019-06-27,19.699589219464556,16.92087910329385,22.125234494511346
2019-06-28,19.57286930974969,16.97322000884329,22.109174012652748
2019-06-29,19.380739386154307,16.869118745089132,22.041426174969736
2019-06-30,19.369059554546478,16.815478959634678,21.86971126877986
2019-07-01,19.23541804575455,16.703722661787474,21.85479709694018
2019-07-02,19.222147324797913,16.490302248520006,21.66493209558903
2019-07-03,19.067821731523168,16.474710235309033,21.74686354415308
2019-07-04,19.003868197515768,16.244178331005703,21.69392705731192
2019-07-05,18.946255996162165,16.378944785875714,21.61041482516588
2019-07-06,18.826550509443827,16.119839130526227,21.308996938775774
2019-07-07,18.88960237684565,16.265025000214845,21.48867759869541
2019-07-08,18.831979969079626,16.366217550163256,21.340321799753763
2019-07-09,18.895003231497547,16.469594684444324,21.41883809434884
2019-07-10,18.81625852516718,16.276720162204704,21.316952533127697
2019-07-11,18.826225650095786,16.26286724394989,21.362251625760365
2019-07-12,18.83998267546323,16.3280418374248,21.37683368677154
2019-07-13,18.788273264614837,16.32275853035803,21.331799866940912
2019-07-14,18.915207607241182,16.370522246999272,21.511662999298235
2019-07-15,18.916704696865665,16.316411746816755,21.487602790750387
2019-07-16,19.03353384632751,16.54889515647496,21.646840246332815
2019-07-17,19.00283497206897,16.4917436966645,21.86342765367469
2019-07-18,19.054748790621588,16.44922112500687,21.706043033674984
2019-07-19,19.10412256668265,16.637219301889118,21.655715222228068
2019-07-20,19.08157616874016,16.22159123872395,21.818687714481175
2019-07-21,19.23119966323775,16.695549642486387,21.837796483436875
2019-07-22,19.248990349657934,16.655889149177106,21.854709638177425
2019-07-23,19.375887333486556,16.733605914198026,21.826697307381195
2019-07-24,19.34928340542949,16.798273364293376,21.986648020120544
2019-07-25,19.3996456337596,16.802739676693804,21.926896784041272
2019-07-26,19.442210590674097,16.81094716981481,21.914512233747153
2019-07-27,19.408039259975947,16.59930174203103,21.86505531778004
2019-07-28,19.541703150083457,16.8793812261499,22.022927675961416
2019-07-29,19.53970980149446,17.0328092550243,22.040099820341208
2019-07-30,19.64352605858627,16.942802807042288,22.215861933151867
2019-07-31,19.591079126368,17.011484470986055,22.361936175169237
2019-08-01,19.61336704457503,16.95817277433373,22.096782049233394
2019-08-02,19.626144693730943,17.125860334354996,22.153117278531816
2019-08-03,19.560970538480372,17.052440242026062,22.080616283109276
2019-08-04,19.662885751747172,17.190507307817878,22.1741631512177
2019-08-05,19.628833988379267,16.864941281999815,22.095888951390744
2019-08-06,19.70068021747563,17.212394441376407,22.183672585683492
2019-08-07,19.616708634063468,17.156612971278403,22.287180946442444
2019-08-08,19.608231245423823,17.153733326118218,22.381647600279962
2019-08-09,19.591273175646073,17.105412941521422,22.06650146490333
2019-08-10,19.497619792842745,16.95936657008055,22.042114219705347
2019-08-11,19.572497176724458,16.946197852941317,22.21143698579355
2019-08-12,19.51299404987212,16.86918860219456,22.02971340035966
2019-08-13,19.56108342294532,16.9796121553096,22.263826310636137
2019-08-14,19.45512380797719,16.8597919491338,21.87797755257737
2019-08-15,19.42647142704729,16.834120485670336,21.972433148667577
2019-08-16,19.39116929625555,16.68737684653125,21.972921211363623
2019-08-17,19.28099813560243,16.681381072745076,21.755728971077147
2019-08-18,19.341160483347554,16.764540791189564,21.951031899539633
2019-08-19,19.268706017995175,16.824380235615692,21.93419457559882
2019-08-20,19.30555624018431,16.844956406358996,21.892517063358266
2019-08-21,19.190008295385283,16.668756579941054,21.791235705289704
2019-08-22,19.153349317559357,16.46398475895976,21.701476247124646
2019-08-23,19.111547153126033,16.388593857716288,21.670025303052892
2019-08-24,18.996302421224613,16.459471219338287,21.56021728056809
2019-08-25,19.05273331868865,16.589904493169232,21.61632601776272
2019-08-26,18.977801224690154,16.30225737541478,21.508492962865713
2019-08-27,19.01333532798184,16.567816867114487,21.492955805447092
2019-08-28,18.897536143197616,16.521006206516475,21.313096837101142
2019-08-29,18.86158939252067,16.342413985914938,21.36160414035053
2019-08-30,18.821356214078623,16.274160354579404,21.432435512817037
2019-08-31,18.708424756109068,16.32539680883172,21.381908010542148
2019-09-01,18.767794664540425,16.159044001697893,21.35969034417928
2019-09-02,18.696302609752404,16.205989725471255,21.282060589439496
2019-09-03,18.735647153526173,16.102101255916967,21.194873407097838
2019-09-04,18.623892884320806,16.115144511828746,21.29179392372562
2019-09-05,18.592085339340077,15.858579366311021,21.08236144822496
2019-09-06,18.55594269515936,15.863764689805343,20.95269440019395
2019-09-07,18.44690928313714,15.877460301934155,20.96015471684305
2019-09-08,18.509842410780408,16.02441896266677,21.070053188050025
2019-09-09,18.44144058510932,15.850295799787487,20.895842574333823
2019-09-10,18.483271367477933,15.953067341778725,21.10468661942472
2019-09-11,18.373278696879314,15.993462614008028,20.915577737927862
2019-09-12,18.342401092643964,15.638580117806733,20.975167870974637
2019-09-13,18.306266598115997,15.699913913177197,20.602559801193742
2019-09-14,18.196249393127058,15.727791769433217,20.63892837774096
2019-09-15,18.25715942464468,15.53721828861547,20.667182574046233
2019-09-16,18.18567302156173,15.558135754936737,20.739031006325067
2019-09-17,18.2233625999207,15.554605810212488,20.694549939046404
2019-09-18,18.108205184410252,15.492966150739328,20.69676775142287
2019-09-19,18.071201062670344,15.445646656736695,20.610026668726412
2019-09-20,18.028068360722944,15.554581027102461,20.52533720248137
2019-09-21,17.910298418950617,15.223876643866154,20.470855418732437
2019-09-22,17.962843297372416,15.505159861081536,20.473704444973265
2019-09-23,17.882543385412234,15.190171479096035,20.503704582592036
2019-09-24,17.91115326257785,15.341595402613244,20.556267695449524
2019-09-25,17.786845606938513,15.285218777059084,20.375155450433056
2019-09-26,17.740824568858674,15.36880911744441,20.246108888341602
2019-09-27,17.689014526971928,14.862430396500757,20.0073703794086
2019-09-28,17.56310925908543,15.048256512698645,19.89905159854543
2019-09-29,17.6082530305633,14.885764641627308,20.039772905546968
2019-09-30,17.52146176477337,14.742533805766469,20.35638081864673
2019-10-01,17.544642641403758,14.951377489322507,20.049553744620457
2019-10-02,17.416092122810333,14.71833364116777,19.925456755505984
2019-10-03,17.3671040265135,14.801027674785992,20.115304413426053
2019-10-04,17.313653752322452,14.788866247465405,19.863595407412138
2019-10-05,17.187443871060722,14.742039289423667,20.084297757541634
2019-10-06,17.233582738836635,14.871051912547857,19.862904627144925
2019-10-07,17.149004412640355,14.640630007949008,19.774531793995138
2019-10-08,17.175488321699504,14.614841388833135,19.76592455257575
2019-10-09,17.0511587440274,14.501145788277304,19.610746382742235
2019-10-10,17.007095724669337,14.465689783855494,19.52973546205983
2019-10-11,16.959023519158517,14.43466797976587,19.48866657257787
2019-10-12,16.83836170314157,14.338540576576841,19.176384749263583
2019-10-13,16.889910495122592,14.387093798892936,19.609863503520018
2019-10-14,16.81027843365261,14.183492394579282,19.410199221079253
2019-10-15,16.840910662055762,14.292858535581825,19.67103762581966
2019-10-16,16.7195976589712,14.004761604830048,19.352673705227012
2019-10-17,16.677095804243173,14.215709996143968,19.23737068383226
2019-10-18,16.628825597928806,13.983268880684834,19.457271356286366
2019-10-19,16.505932394724805,13.905047174570297,19.110995912900712
2019-10-20,16.552980917106634,14.065376930230839,19.11718988556004
2019-10-21,16.46639140814386,14.034628754364562,19.10579547922219
2019-10-22,16.487475408476318,14.005621971056648,18.99116576751836
2019-10-23,16.35395074712406,13.706960981569264,18.869975587855404
2019-10-24,16.2965669150062,13.702830401895985,19.087030925144788
2019-10-25,16.230806453499532,13.638517738248327,18.755716446508078
2019-10-26,16.08794707654205,13.420141333856296,18.741386471808514
2019-10-27,16.112755692768392,13.385934192846655,18.764467176078693
2019-10-28,16.00192214291845,13.30589635020666,18.519037476047668
2019-10-29,15.997090645037092,13.407777373129365,18.53485148884089
2019-10-30,15.83636860011151,13.318700166351178,18.402749458995917
2019-10-31,15.750944044491591,13.055951139459248,18.454746573096212
2019-11-01,15.656777551400527,13.083173920570555,18.12646836683966
2019-11-02,15.485653518880122,12.801973369984536,17.828953753287482
2019-11-03,15.482862273282151,13.164782932974887,18.057098568475308
2019-11-04,15.34562110345906,12.74019105659491,17.837029707514915
2019-11-05,15.316092547622,12.724667302214304,17.926179428098614
2019-11-06,15.132879935806443,12.560586168616993,17.811851912631088
2019-11-07,15.027631835863085,12.420691390618442,17.75121615289001
2019-11-08,14.916721568095069,12.32855894914064,17.513844271904624
2019-11-09,14.732287079659303,12.110731764306928,17.28563799083956
2019-11-10,14.719902942313634,12.185925045461348,17.24200693032477
2019-11-11,14.576992893961911,11.92285054773287,17.28799943863309
2019-11-12,14.545841512842806,12.032093635472874,17.37876387090539
2019-11-13,14.365085247426123,11.76413056449458,16.957557205567348
2019-11-14,14.266314616179265,11.64824653644388,16.8353445825258
2019-11-15,14.165753848940788,11.69797515042763,16.803497935662058
2019-11-16,13.995303303870823,11.607405510690457,16.52736923785659
2019-11-17,14.000216400235828,11.330677237770056,16.553741452696162
2019-11-18,13.877519397433348,11.347165754356107,16.427326006876623
2019-11-19,13.869032453641296,11.38397102548777,16.5562088986938
2019-11-20,13.712871969487226,11.245691184725354,16.291578353890177
2019-11-21,13.64006575604293,11.036742098664028,16.257854822761228
2019-11-22,13.566246973553513,10.971986206012007,16.04529828334049
2019-11-23,13.422711807305625,10.996915204242802,16.029234589056472
2019-11-24,13.454112220731732,10.9437791129867,16.081773875496026
2019-11-25,13.356891693958392,10.791126909809835,15.86473894657644
2019-11-26,13.372321948479994,10.946970075664584,15.923038362523446
2019-11-27,13.23802023197867,10.732743917356938,15.811624441490624
2019-11-28,13.184578284654865,10.576305354971272,15.750970702013323
2019-11-29,13.127268540770151,10.581457835885509,15.70605231380599
2019-11-30,12.997112175702021,10.372402473094215,15.548497734328011
2019-12-01,13.038580029485283,10.371741000853369,15.438187183320778
2019-12-02,12.948034062259463,10.539706728645717,15.557870008685338
2019-12-03,12.96676715360287,10.457876634603824,15.512069660650381
2019-12-04,12.832520701363148,10.174152587259897,15.485097184863754
2019-12-05,12.776111097417083,10.340387758604184,15.428214135469512
2019-12-06,12.713130666899998,10.20660414140861,15.18247468713523
2019-12-07,12.575007790852371,10.05297573358564,15.411779046061149
2019-12-08,12.606697427731035,10.105514488604229,15.049247560233344
2019-12-09,12.505109944325378,10.001764470648537,15.001665980199645
2019-12-10,12.512136387647223,9.891334669943042,15.049444770715214
2019-12-11,12.366150029418058,9.84555597739821,14.885922173191256
2019-12-12,12.298615683304535,9.730007073699806,14.670965380693616
2019-12-13,12.225772839715383,9.405593532347055,14.865185810138355
2019-12-14,12.07967781968447,9.456751458187554,14.663169065421265
2019-12-15,12.105876655117193,9.373314868662222,14.77789694957559
2019-12-16,12.00181709451386,9.296981521545307,14.610732332668505
2019-12-17,12.009858337552927,9.57748751945318,14.567460477048071
2019-12-18,11.868758771914504,9.419097807426432,14.701805283548818
2019-12-19,11.810273611715672,9.377541675838167,14.35895095396552
2019-12-20,11.750828827482042,9.1720188056346,14.248729451039274
2019-12-21,11.622556850127047,9.13135621986408,14.275716288743167
2019-12-22,11.670965964466145,9.162735340578182,14.25030368422002
2019-12-23,11.593351920481208,9.07522751925749,14.274191781758935
2019-12-24,11.631810411178408,8.899479064064833,14.121185403171191
2019-12-25,11.524730650175854,8.795324540604154,14.115668079243926
2019-12-26,11.50340182257724,8.932287757653251,14.180262800090397
2019-12-27,11.483698590308965,9.087310386686646,14.14457568762911
2019-12-28,11.397130847519271,8.677597794128829,13.789284604472646
2019-12-29,11.488529283730761,8.902124928515645,14.087726995277338
2019-12-30,11.45447486320385,8.907712268708087,14.08705608360849
2019-12-31,11.536330398606331,8.885611004545138,13.921228013730639
2020-01-01,11.471753942774354,8.907907335245957,13.689590276137368
2020-01-02,11.491325237748374,8.852706105042342,13.916777023304922
2020-01-03,11.510250857225468,8.74465257981148,13.996957669298508
2020-01-04,11.459432697164827,8.934542857348536,13.974761653089844
2020-01-05,11.583170850325889,9.078178449935049,14.106180005327776
2020-01-06,11.577608484684376,9.007216293196011,14.20734221337029
2020-01-07,11.683776462327117,9.164932346387431,14.427004453124953
2020-01-08,11.639117040588173,9.157488518335976,14.18440789666359
2020-01-09,11.674117582987723,9.245555827519498,14.075695182368223
2020-01-10,11.704019684007982,9.004971871449598,14.272094965506389
2020-01-11,11.659888216825598,9.035771566357337,14.361015343733653
2020-01-12,11.786311285364317,9.145105413553393,14.249774423911116
2020-01-13,11.779838739653728,9.320976297109032,14.275993119318494
2020-01-14,11.88201712330044,9.383862105640159,14.253853989460328
2020-01-15,11.830900617416905,9.32880980569644,14.352154594898783
2020-01-16,11.85766921624808,9.41282217488337,14.533108595024656
2020-01-17,11.878319923674148,9.21453670031504,14.430870516821464
2020-01-18,11.824715932566786,9.228603695517814,14.471893376809868
2020-01-19,11.942265277285209,9.378048603299845,14.58062843187608
2020-01-20,11.928337169992115,9.306361478852304,14.54250769285391
2020-01-21,12.025274469659958,9.498275382758385,14.588177939305186
2020-01-22,11.971882441142139,9.334544420981485,14.752199315209449
2020-01-23,12.000025629840703,9.691011865775375,14.723723613566479
2020-01-24,12.026299212896147,9.564997558805825,14.793553454650118
2020-01-25,11.983060326754792,9.342893954174636,14.553107190203193
2020-01-26,12.116091350858321,9.7600753875771,14.918782350302198
2020-01-27,12.123003785924903,9.543166207143766,14.467479101072728
2020-01-28,12.246241530075235,9.662481921345151,14.85443140460327
2020-01-29,12.224563981419898,9.689337884241972,14.703533762142829
2020-01-30,12.289640973097487,9.77818062172607,14.936086433027016
2020-01-31,12.357725986218444,9.898839165688003,14.913421756763945
2020-02-01,12.360693126449137,9.728018336266803,14.91256425200996
2020-02-02,12.543709731224052,9.759394986617542,14.998750897520456
2020-02-03,12.603653037216482,9.842949368807288,15.12202585515725
2020-02-04,12.7821294115495,10.504078170213575,15.081752790923108
2020-02-05,12.816976192233142,10.329069964423077,15.53201396208131
2020-02-06,12.938877687125371,10.425368560880278,15.63128459471896
2020-02-07,13.063061258350332,10.507686128325787,15.442006324131125
2020-02-08,13.120358411021869,10.55605801665448,15.689212000391413
2020-02-09,13.354902152630077,10.693543136968815,15.879389576486364
2020-02-10,13.46256843402468,10.975254611961743,16.03321593294573
2020-02-11,13.684019554730604,11.079222736178098,16.415281313599483
2020-02-12,13.756228971444095,11.155474857408931,16.20908541419817
2020-02-13,13.909118482215641,11.300722176473577,16.47696758541615
2020-02-14,14.05727318124927,11.490468920014822,16.62515089048767
2020-02-15,14.131018629703735,11.548235487476278,16.766081198954726
2020-02-16,14.374131106091589,11.770457720973669,16.979209348220273
2020-02-17,14.48228842547621,11.750184367785677,17.18385823706846
2020-02-18,14.696118977602032,12.120313531490499,17.42789078037825
2020-02-19,14.752728285137177,12.073177805124798,17.26847152308497
2020-02-20,14.882334015046498,12.392860710521989,17.485032627906268
2020-02-21,14.99997489740125,12.440906624659707,17.486492605156624
2020-02-22,15.036578153283337,12.349812979402815,17.66011225525727
2020-02-23,15.23665654419466,12.78085736919105,17.68293550910819
2020-02-24,15.29674286650665,12.443019668675246,17.81721161657231
2020-02-25,15.458419952029903,12.775075431675898,17.871181678175557
2020-02-26,15.459825952306808,12.955833256674861,18.04255889876718
2020-02-27,15.532266368924596,13.076707014018496,18.16896989657137
2020-02-28,15.591898852299906,12.980428048592099,18.147700986119602
2020-02-29,15.570775962743356,13.08462967498059,18.228557152588266
2020-03-01,15.71451760691605,13.309006263811966,18.202095646308013
2020-03-02,15.720721567034815,12.995995463508228,18.41342922969525
2020-03-03,15.831970755598418,13.254025482654137,18.266349649160276
2020-03-04,15.78731750839201,13.02525980809314,18.278266798962125
2020-03-05,15.818876863275907,13.198445251897951,18.191522651677065
2020-03-06,15.843495270602194,13.188857573988995,18.4506281633823
2020-03-07,15.793780280444352,13.068071383061184,18.419652728015485
2020-03-08,15.915763190996747,13.479020958621787,18.405927984677277
2020-03-09,15.907303260653391,13.376896838425388,18.58252071653849
2020-03-10,16.011092212006854,13.574079202056845,18.668412165510126
2020-03-11,15.966139345122713,13.48309137264368,18.783338066861134
2020-03-12,16.00436912257194,13.458042057989541,18.466541586700536
2020-03-13,16.042297500988077,13.359776685002178,18.609572703839103
2020-03-14,16.012072303063864,13.539038107069869,18.52188536697688
2020-03-15,16.159149290710047,13.509231354349794,18.759887156044925
2020-03-16,16.18071215559208,13.65890075004713,18.705941290572067
2020-03-17,16.318694717519232,13.829474220536298,18.976898561540025
2020-03-18,16.311285171175232,13.794394961546686,18.661383000752544
2020-03-19,16.389543740953755,13.895016685125928,18.813801043795397
2020-03-20,16.469099503762116,13.876689724337433,19.116085457500827
2020-03-21,16.481211160421875,13.91366507714993,18.94349506623561
2020-03-22,16.670462918168113,13.962412955671958,19.238166606638295
2020-03-23,16.733203230171576,14.223612940827842,19.297682074516164
2020-03-24,16.91058425196898,14.221706568052596,19.33268667322787
2020-03-25,16.940081474950137,14.488380827735073,19.44634618997802
2020-03-26,17.052124575469165,14.329939945615871,19.38490321483401
2020-03-27,17.161804984550447,14.519690819835526,19.541836014226952
2020-03-28,17.199944775335318,14.589557185856455,19.718206544861594
2020-03-29,17.410797921844477,14.981921057503094,20.027576717252263
2020-03-30,17.490491641499762,14.994173925268731,20.01294296100107
2020-03-31,17.68006572213232,15.160095023679862,20.25023670809524
2020-04-01,17.716972045816362,15.092290736281562,20.34846243582811
2020-04-02,17.831752324902826,15.200930466033071,20.455121804334432
2020-04-03,17.939686194614584,15.305987999431956,20.52058555364728
2020-04-04,17.971868144976035,15.358314782095029,20.26443846568565
2020-04-05,18.172897875912618,15.649439349769988,20.872351875592802
2020-04-06,18.239309507564265,15.551927709751643,20.841106174441997
2020-04-07,18.41259792592656,15.757298783039866,20.878108441257247
2020-04-08,18.430722223452925,15.963712827290424,21.064269853810103
2020-04-09,18.52471783545042,16.08069917708585,21.151692162467274
2020-04-10,18.610383484455635,15.990879259219511,21.07726910145338
2020-04-11,18.61932816330666,15.912692350601906,20.87579175614286
2020-04-12,18.796649851486123,16.051594826692373,21.251715854258485
2020-04-13,18.839354307091043,16.21813746233533,21.541664968822808
2020-04-14,18.989372436217376,16.380051480649716,21.55975359398553
2020-04-15,18.985056367702505,16.608823576953125,21.50402435396801
2020-04-16,19.05778594574655,16.547662544406332,21.91092064167679
2020-04-17,19.12365180627245,16.47481382905575,21.693825451747163
2020-04-18,19.11450026371895,16.551234670958838,21.68413616800217
2020-04-19,19.275611643343783,16.614966871574993,21.926074813243964
2020-04-20,19.30412029013986,16.69593162654063,22.066418795027587
2020-04-21,19.442034598557225,16.85874448557498,21.918801212222316
2020-04-22,19.427736993611415,16.786735470157403,21.890950128453294
2020-04-23,19.492595346576373,17.000845826536377,22.268366908305424
2020-04-24,19.552651738391187,16.85806126409011,21.99129822308348
2020-04-25,19.539673530524624,16.856760222980398,22.13508590573432
2020-04-26,19.698838106555872,17.07579580508724,22.29969548607264
2020-04-27,19.727159248343924,17.23556598937846,22.315914151251604
2020-04-28,19.866513237304243,17.345253687713566,22.407224632511234
2020-04-29,19.8551443797404,17.338194935848023,22.3815499139238
2020-04-30,19.92428123738746,17.145181574966422,22.436930229954257
2020-05-01,19.989829310305936,17.31354938944187,22.754092053204104
2020-05-02,19.98342500710231,17.302838799658883,22.672050607532313
2020-05-03,20.15012218592822,17.649556064634425,22.54669774354694
2020-05-04,20.186819197445907,17.47853130505671,22.782167730893615
2020-05-05,20.33528453529267,17.832104466062432,22.947908672166395
2020-05-06,20.333660854674633,17.792696017270238,22.993270851876673
2020-05-07,20.413078745960533,18.07098048751871,22.880069967176453
2020-05-08,20.489346156116145,17.952839349666704,23.089045442729272
2020-05-09,20.49399847318979,17.78530566384207,23.125422772219103
2020-05-10,20.67198076552026,18.062617183964313,23.44618511164563
2020-05-11,20.720070335536075,18.045258138903748,23.351920453217087
2020-05-12,20.879897934611435,18.2699438067785,23.637463429614897
2020-05-13,20.889447644143036,18.52036046584109,23.427400027735555
2020-05-14,20.979667049080632,18.498725411432364,23.434383303961603
2020-05-15,21.066153822233403,18.593219728174194,23.488798917433876
2020-05-16,21.080203937935842,18.378124998044683,23.600021822552087
2020-05-17,21.26649318038094,18.655194555051803,24.070311487720044
2020-05-18,21.321500243725804,18.687088418251662,24.101606642680643
2020-05-19,21.486529865709375,18.76163633313756,24.02531887295156
2020-05-20,21.499216048998438,19.048963475426124,24.09656895988339
2020-05-21,21.59013699656797,19.05297022428338,24.11179172456441
2020-05-22,21.67450782922961,19.074142941318073,24.399820875379593
2020-05-23,21.683236203796547,19.32039734920708,24.16765201718539
2020-05-24,21.860612349139114,19.448365674700863,24.36068035134017
2020-05-25,21.902741624697295,19.39315711229197,24.373962545238335
2020-05-26,22.050577811129166,19.457634368058883,24.501054066268015
2020-05-27,22.041436921990588,19.32757203177347,24.44023943235327
2020-05-28,22.10562287151672,19.519870832561786,24.66224651522264
2020-05-29,22.158130757820622,19.604540280631234,24.752217578178374
2020-05-30,22.129712562553955,19.512092356363198,24.631242625168134
2020-05-31,22.264576467628192,19.78451149451044,24.969192424910112
2020-06-01,22.258827587143763,19.736529915338924,24.989104828686965
2020-06-02,22.353508037419743,19.718862369798078,24.827257687704915
2020-06-03,22.286115875762178,19.716580976134185,24.795697190859695
2020-06-04,22.28723402151826,19.644781762057576,24.979656305993426
2020-06-05,22.272234741223098,19.762019302835117,24.64627529514952
2020-06-06,22.172344371477397,19.550577198898985,24.727913576199846
2020-06-07,22.23233940755422,19.663281774617438,24.795522766961575
2020-06-08,22.148981741355982,19.49796269175579,24.702982698131347
2020-06-09,22.164051016730888,19.5777780564283,24.750903889366235
2020-06-10,22.01585373750696,19.4618938707598,24.688300931124843
2020-06-11,21.93584040437523,19.369048295194677,24.425932830403845
2020-06-12,21.84029647946932,19.40736257530582,24.291053392597018
2020-06-13,21.661392118884432,19.243766310914335,24.225633245547865
2020-06-14,21.64486211088418,18.97267629695451,24.28375360484308
2020-06-15,21.48842414874197,18.903278815829193,24.01008787398785
2020-06-16,21.434793778470354,18.779664534264146,24.07166108207766
2020-06-17,21.223176046463664,18.63299232258828,23.70572013395506
2020-06-18,21.085865520329005,18.58268984597125,23.678852815346932
2020-06-19,20.939920876074474,18.394050394390618,23.51156153881473
2020-06-20,20.718199373171522,18.189395697100906,23.431757875530337
2020-06-21,20.66702301353115,18.088170718555162,23.269119180258787
2020-06-22,20.484584839305175,17.788402692441554,23.070984275901882
2020-06-23,20.413953994871388,17.952486223550146,23.02463582867744
2020-06-24,20.19455981487803,17.632575369846492,22.498956646597485
2020-06-25,20.05878679401192,17.635707120716475,22.728059075684833
2020-06-26,19.923646754929962,17.263636269043936,22.538466188346813
2020-06-27,19.72181359684,17.09537687994494,22.125351289876118
2020-06-28,19.6992924179891,17.199672590352844,22.11133762388927
2020-06-29,19.55383140062077,17.148210275297895,22.150079784293066
2020-06-30,19.527934955730096,16.918209787626267,22.3294282781277
2020-07-01,19.36035820327576,16.69143582959057,21.951785875425003
2020-07-02,19.282714404113563,16.701216635055452,21.75808182289086
2020-07-03,19.211161373885638,16.778302832047185,21.866704120376404
2020-07-04,19.077451935856104,16.481918067830055,21.656627395827886
2020-07-05,19.126619849742063,16.67051606628784,21.587163285699877
2020-07-06,19.05540922735064,16.586046265415202,21.72953070193425
2020-07-07,19.1053055428039,16.243274011287646,21.726849703681214
2020-07-08,19.0140479215474,16.601518544851324,21.800030762233185
2020-07-09,19.01225394087186,16.472732392542046,21.41145764688447
2020-07-10,19.015122606017385,16.472506216619443,21.494961886019187
2020-07-11,18.953500218993373,16.278500329570495,21.541299842331025
2020-07-12,19.07158027158701,16.171613271173623,21.438136250107572
2020-07-13,19.065345109158606,16.432467520666513,21.828784884312356
2020-07-14,19.17560725587422,16.711654917458645,21.613820930607943
2020-07-15,19.13952991999749,16.529773303756986,21.717037188934906
2020-07-16,19.18725780088356,16.490946474172308,21.632701767301338
2020-07-17,19.233623806623,16.60840416199087,21.68653975798274
2020-07-18,19.209216400209865,16.801530558752287,21.662199098251886
2020-07-19,19.358078760777754,16.83606744889183,21.8881726876952
2020-07-20,19.376147612826358,16.88441705329708,21.916974801484763
2020-07-21,19.50428976745876,16.952479107691218,21.940641635088884
2020-07-22,19.47981608908829,16.989687819148116,22.018515670007865
2020-07-23,19.5331042391808,17.04775070115295,22.164023453410614
2020-07-24,19.579296063697626,17.152111071797453,22.047760197802567
2020-07-25,19.549354619875878,16.992345760521488,22.292393715509522
2020-07-26,19.687752318527227,17.18205185129561,22.24746289315319
2020-07-27,19.690898328157026,17.39255350717179,22.19071120938492
2020-07-28,19.800163573945788,17.158063991982903,22.551533121948676
2020-07-29,19.75338332211525,17.33030948246609,22.30198308625413
2020-07-30,19.78146895924472,17.096912266625818,22.60289640415825
2020-07-31,19.800095065935448,17.276217901808064,22.37470293321302
2020-08-01,19.74074698253657,17.028554056781964,22.151305965186925
2020-08-02,19.848400510364467,17.240544484174766,22.364552554715885
2020-08-03,19.81994202406551,17.35706099429412,22.26280237775107
2020-08-04,19.897187417766194,17.30763419659479,22.748332075707886
2020-08-05,19.81837992487226,17.25369391833894,22.50651330816762
2020-08-06,19.81479843078356,17.161155159876255,22.240143955166555
2020-08-07,19.802442349858836,17.1768999512782,22.292498515694444
2020-08-08,19.713078201439615,16.99346257647286,22.342073576392263
2020-08-09,19.791919434517858,17.135371195455114,22.21067239420561
2020-08-10,19.736047656590195,17.27556756549146,22.093239262493253
2020-08-11,19.787433548360085,17.224017983888075,22.336900614087888
2020-08-12,19.684437348020147,16.999256052649248,22.163681110846618
2020-08-13,19.658420359198317,16.920093237838845,22.177653822082895
2020-08-14,19.625433385694585,17.04628716050987,22.043542420212688
2020-08-15,19.51726706255502,16.968817297163802,22.173439700381962
2020-08-16,19.579135476281984,17.09212471674092,22.09370709655148
2020-08-17,19.508101086519627,16.81767089765647,22.00843201147831
2020-08-18,19.546099105583778,17.203573670859225,22.08393448480662
2020-08-19,19.431441115800556,16.794609797288004,21.961949252266944
2020-08-20,19.3954292991283,16.891711654012497,21.935788484726302
2020-08-21,19.35404712845093,16.663246124639954,21.994863991819773
2020-08-22,19.239011462876565,16.527114378224432,21.991277084073708
2020-08-23,19.29545743886568,16.740552298420514,21.677568409308584
2020-08-24,19.220364193416728,16.60693486320968,21.994733062953124
2020-08-25,19.25557962229995,16.678980718308733,21.937936364424395
2020-08-26,19.139324019561336,16.660840825125334,21.975442850951058
2020-08-27,19.10280405501046,16.866257455805393,21.589425353618875
2020-08-28,19.061903032999673,16.617068845573844,21.74797479169642
2020-08-29,18.948232475846574,16.335780321961344,21.4995041108399
2020-08-30,19.006816526957312,16.3187095203776,21.546803547881325
2020-08-31,18.934517310531138,16.316650814920315,21.477815852353785
2020-09-01,18.973059544142114,16.39880142389988,21.50898830766995
2020-09-02,18.86053433207728,16.285456512595005,21.26189260075354
2020-09-03,18.828013662217497,16.205778301489342,21.270365100247357
2020-09-04,18.79124159707107,16.164865680778725,21.24265393983535
2020-09-05,18.681687228309098,16.15631017945091,21.119704686846468
2020-09-06,18.744230892937157,16.13598335803211,21.41707115720773
2020-09-07,18.675591767423498,15.906763805513071,21.195289749053508
2020-09-08,18.7173550920658,16.168742541574975,21.148389391140956
2020-09-09,18.607478887207606,16.26356824017955,21.130062426494014
2020-09-10,18.576911597610312,16.04052077157357,21.061233959419216
2020-09-11,18.541286551812515,15.858572283473013,20.98861352788329
2020-09-12,18.431978188405377,15.802711435174386,20.95618073193621
2020-09-13,18.493791420577427,15.819029983882372,21.077373036853945
2020-09-14,18.42339212381425,15.818517098449403,21.013115113711148
2020-09-15,18.46233686806556,15.873788594240178,21.03572208465875
2020-09-16,18.348581630591735,15.643972544418638,20.953745671661835
2020-09-17,18.313100811169306,15.738274768557877,21.028310180869198
2020-09-18,18.271582337459527,15.84007389435512,21.02847966201699
2020-09-19,18.15548373357099,15.539980109098527,20.78950498990695
2020-09-20,18.209720468228053,15.722096633868125,20.82950427512612
2020-09-21,18.131094539649194,15.508356322687666,20.70771322105185
2020-09-22,18.16132142005531,15.54599338374415,20.781954703015572
2020-09-23,18.03853512839255,15.286333260165934,20.587963634983982
2020-09-24,17.993902816309756,15.389721178056838,20.54192459579852
2020-09-25,17.943314748825475,15.201708459806326,20.414893802570393
2020-09-26,17.817916243930352,15.268936765316907,20.353166993969523
2020-09-27,17.863345188762835,15.449376416538742,20.359377866749462
2020-09-28,17.77659895106814,15.193061655555764,20.126935144545733
2020-09-29,17.799573302336714,15.282012193909965,20.321477222934295
2020-09-30,17.670561164910552,15.023581574047428,20.156036427566807
2020-10-01,17.62086120174788,15.09089016101265,20.189270485584323
2020-10-02,17.566462332203532,15.060153792118632,20.120864239778033
2020-10-03,17.43908936323207,14.849235253111875,20.044521983638766
2020-10-04,17.483881380218538,15.042666554112234,19.954908656860376
2020-10-05,17.39781118353363,14.702252994127553,19.85960125419167
2020-10-06,17.42270421338972,15.038190687183963,19.9430607045325
2020-10-07,17.296737031191263,14.646192086451974,19.81786938124647
2020-10-08,17.251047011649632,14.914480843691509,19.706545586997958
2020-10-09,17.20141935610659,14.631379176297054,19.685571337351785
2020-10-10,17.079336602096898,14.406651260457808,19.686741164102763
2020-10-11,17.129662216451184,14.644019071640855,19.844652029981813
2020-10-12,17.04906645893931,14.497546447810649,19.689318129846228
2020-10-13,17.079052819276008,14.636698321241024,19.67774620883005
2020-10-14,16.95746491822196,14.347041178536278,19.423598157563777
2020-10-15,16.915105315981275,14.248413976431012,19.548594978956224
2020-10-16,16.867432099001118,14.451540905800739,19.51454991970522
2020-10-17,16.74561815885543,14.09003311616278,19.37633510865091
2020-10-18,16.794244474380253,14.024079590938088,19.34729145764449
2020-10-19,16.709735300864242,14.208636385131264,19.31280445065689
2020-10-20,16.73339328716123,14.20109567255834,19.25692254292839
2020-10-21,16.602914139111224,14.0137994225007,19.268070157187147
2020-10-22,16.549012018110744,13.87479477739846,19.081719809364472
2020-10-23,16.48712131757547,14.022803147258603,19.048072250784365
2020-10-24,16.348459536107384,13.732540940914706,18.93046538951667
2020-10-25,16.37772240376192,13.668907508603489,18.983634742548915
2020-10-26,16.27151905624822,13.75022875988768,18.73296431391358
2020-10-27,16.27140521911011,13.78725606806694,18.81017804124111
2020-10-28,16.11539401471476,13.520177191880332,18.762887129297543
2020-10-29,16.03457563008747,13.533746617132936,18.49001821905845
2020-10-30,15.944811592331863,13.465867137836632,18.29678067165043
2020-10-31,15.77778852754531,13.149685272342492,18.326292016121478
2020-11-01,15.778702766695723,13.295079427720896,18.498867421728306
2020-11-02,15.644683845518141,13.072097236899031,18.346547382380162
2020-11-03,15.617815151744994,13.152253126738714,18.27046745490603
2020-11-04,15.43663165535121,12.707584801812544,18.142892098679827
2020-11-05,15.33272630579932,12.641322354006238,17.956755773692
2020-11-06,15.222431202701728,12.775195684531061,17.693538601124214
2020-11-07,15.037858779281999,12.48796267915319,17.50707633887466
2020-11-08,15.02457471909029,12.547007916888273,17.748028479107443
2020-11-09,14.880010993278084,12.485059527088284,17.415395278437966
2020-11-10,14.846477585242976,12.36713132647888,17.550290779438733
2020-11-11,14.662653115608455,11.9190454989983,17.386984105540733
2020-11-12,14.560186184081346,12.186418334799448,17.052410006033966
2020-11-13,14.45537371489003,11.811956582011007,16.84647340657586
2020-11-14,14.280201667184347,11.952610605783269,17.088018398845623
2020-11-15,14.280019889919613,11.706653998191626,16.900103676822813
2020-11-16,14.151959501893447,11.74525622371292,16.84440839570072
2020-11-17,14.137951290317401,11.528689065687498,16.878581174735235
2020-11-18,13.976225201561876,11.349260093176879,16.551809981904782
2020-11-19,13.897922538093628,11.216025121100007,16.277877650183314
2020-11-20,13.818786887189741,11.232184670041482,16.25646192023762
2020-11-21,13.67021882936642,11.296429211543867,16.194523730152167
2020-11-22,13.696965848216397,11.047804793902097,16.238163443557063
2020-11-23,13.595555429320108,11.126546804122,16.25618113188941
2020-11-24,13.607329423898854,11.252543784587607,16.226979688988205
2020-11-25,13.469959319655116,10.617131224279422,16.0545917354794
2020-11-26,13.414073599994758,10.607687501655413,15.970347105047907
2020-11-27,13.354962794778197,10.653673486429396,15.840404112705434
2020-11-28,13.223646870447322,10.817893981327677,15.857264360951401
2020-11-29,13.264576014938578,10.589470361118918,15.967836712556945
2020-11-30,13.174072483264185,10.795556746394023,15.98941952761067
2020-12-01,13.193371311760375,10.640639657546977,15.766373843785667
2020-12-02,13.060139338086014,10.545182616751969,15.698582194465617
2020-12-03,13.005103571695006,10.502673923451887,15.608575354672356
2020-12-04,12.943754455104582,10.42801316803005,15.480669805364602
2020-12-05,12.807408677344586,10.411092464667313,15.370624149630588
2020-12-06,12.840902685559545,10.213183035164512,15.537159834771005
2020-12-07,12.741024726720209,10.246498308268096,15.333974481696217
2020-12-08,12.749543465393668,10.376243829681309,15.571797747106531
2020-12-09,12.604712918829176,9.939373594494942,15.118508221986888
2020-12-10,12.537885116824068,9.911424953415551,15.244047225651574
2020-12-11,12.465196438737111,9.910574345355391,14.919010729238865
2020-12-12,12.318612739525777,9.804674306080472,14.893217416591435
2020-12-13,12.343604887733854,9.937614642851692,14.971992503304657
2020-12-14,12.237563037894454,9.562808360740263,14.828186327828407
2020-12-15,12.242808173977796,9.578685955646561,14.872691016443849
2020-12-16,12.098081142384764,9.599178849834527,14.602460237047639
2020-12-17,12.035141032448088,9.493389819921603,14.527354733402793
2020-12-18,11.97043926777268,9.532960064863182,14.655120289838806
2020-12-19,11.836154879953572,9.370295049821523,14.477853641982524
2020-12-20,11.877862885437677,9.227841575427984,14.297002496559749
2020-12-21,11.792944315114138,9.161859537361444,14.499745445627731
2020-12-22,11.823596582652394,9.200019948036452,14.460588917329757
2020-12-23,11.708324476746787,9.185540321053844,14.150135570376861
2020-12-24,11.678543616485559,9.056201451151367,14.307033984500444
2020-12-25,11.65026262861253,9.142485036358144,14.17232323496608
2020-12-26,11.555129329822153,9.07755639932917,14.051101620979823
2020-12-27,11.63811256694215,9.141461490879172,14.152191923430415
2020-12-28,11.595927923719513,9.173396349142156,14.267346552923753
2020-12-29,11.670065574980185,9.129199731611228,14.301130047207762
2020-12-30,11.598300114226632,9.253080224400023,14.245017835061171
2020-12-31,11.611313692951796,9.141687381896126,14.079153687534761
2021-01-01,11.624398200995028,9.005763097355846,14.185120080342193
2021-01-02,11.568521227340613,8.973559656773494,13.963107123541647
2021-01-03,11.68802691090121,9.081101583002914,14.256430144019811
2021-01-04,11.679079361988862,9.209250296580354,14.361627084045656
2021-01-05,11.782706437062384,9.08145877529191,14.444223745331385
2021-01-06,11.736323238342404,9.098383792552934,14.245164049388153
2021-01-07,11.77036627859759,9.20461786533424,14.348022802353652
2021-01-08,11.800003710275938,9.354014093741664,14.311021042317591
2021-01-09,11.756206105650051,9.37084494255219,14.237520142609739
2021-01-10,11.883448729747727,9.349758391321325,14.405456957629191
2021-01-11,11.878152909247255,9.22479242214358,14.249308501136158
2021-01-12,11.981724295525058,9.474445750437996,14.594624202760295
2021-01-13,11.9320675025305,9.32807094332041,14.570479770666473
2021-01-14,11.960208260180249,9.22082978660569,14.420442361379097
2021-01-15,11.981988769468776,9.297779108896753,14.69625679550574
2021-01-16,11.92912111258201,9.370128699703022,14.605140644741653
2021-01-17,12.046870096746366,9.495046897164295,14.696036018047502
2021-01-18,12.032473631068218,9.69175831015211,14.645256940514164
2021-01-19,12.128158976883048,9.417709468386006,14.639707821878899
2021-01-20,12.072634926662495,9.54988979371236,14.601867586009998
2021-01-21,12.097691643431384,9.604154708571064,14.729868723487694
2021-01-22,12.119874439351554,9.601807617689262,14.660320615121934
2021-01-23,12.0715169246075,9.426892171868468,14.557634757993657
2021-01-24,12.198405453067316,9.634891527862617,14.772167540986821
2021-01-25,12.198183466845322,9.877624044045133,14.861792300080385
2021-01-26,12.313354524646417,9.74701463938545,14.990320207519122
2021-01-27,12.28276444268392,9.684465557902874,15.052101619266706
2021-01-28,12.338194572936537,9.58357671901471,14.926332469057105
2021-01-29,12.396032701157653,9.885684996260993,15.13310914089134
2021-01-30,12.388307104615741,9.739712355780988,14.877158783877993
2021-01-31,12.560355706696273,10.038507435893962,14.997384097604058
2021-02-01,12.609238842257803,10.030988294927386,15.180698640778607
2021-02-02,12.776754233410916,10.227805456809147,15.23083073539255
2021-02-03,12.800934326859874,10.287933297897595,15.383553426057487
2021-02-04,12.912657654448408,10.473101125042806,15.474255305484903
2021-02-05,13.027340259983703,10.391950184873682,15.6375621369364
2021-02-06,13.075992228065193,10.431059775300477,15.589896099312867
2021-02-07,13.302910695914257,10.764724207123407,15.786781582560833
2021-02-08,13.404117268457917,10.953838300266327,15.948763738859322
2021-02-09,13.620397820684644,11.042874566220549,15.968055263877636
2021-02-10,13.688824216635842,11.123739592712575,16.085639265559337
2021-02-13,14.061148800301973,11.387845164765842,16.639163475675023
2021-02-14,14.306435732250067,11.694468732895121,16.79772919727255
2021-02-15,14.418205825812393,11.857124387799471,17.125573191488183
2021-02-16,14.63700649441332,12.088609720866875,16.954098638879643
2021-02-17,14.699834318655544,12.090439498172875,17.20279159005726
2021-02-18,14.836772460020306,12.283808814022665,17.425500855174278
2021-02-19,14.962702576607938,12.246846841839584,17.461326987361353
2021-02-21,15.21811356512934,12.604980706415393,17.73916187171448
2021-02-22,15.288246714716557,12.68247145274908,17.712329819583566
2021-02-23,15.460149672226976,12.983300861228965,17.870588328615973
2021-02-24,15.471750510899598,13.007505381853296,17.980033777734075
2021-02-25,15.554147571641298,12.978831499331822,18.08488500957444
2021-02-26,15.62329877248622,13.086024766689414,18.161987888562244
2021-02-27,15.61106866217387,13.17911317728019,18.30023174989476
2021-02-28,15.762904829478837,13.063471824798263,18.207969834531028
2021-03-01,15.776251993323793,13.382314769686111,18.26361412371017
2021-03-02,15.893562325549514,13.391736320916468,18.521146991874495
2021-03-03,15.853782251564006,13.304246587704744,18.532130028022564
2021-03-04,15.888947623824697,13.36548798620475,18.245892050647885
2021-03-05,15.915853677535868,13.451690211529169,18.584740602881688
2021-03-06,15.867085294160903,13.267654395280106,18.39222069707528
2021-03-07,15.988679554603502,13.472257265550766,18.542589101183896
2021-03-08,15.978529199021153,13.383817859257299,18.531735748992404
2021-03-09,16.079385752240874,13.512639043247036,18.822256782490914
2021-03-10,16.030342678104194,13.303957284187007,18.357154854160655
2021-03-11,16.063430484983634,13.318195060264125,18.631929724849687
2021-03-12,16.095290128991543,13.529612973914713,18.698191202543825
2021-03-13,16.05821009044904,13.426691592825671,18.345820173118845
2021-03-14,16.19779887359953,13.581243297200968,18.793459161349162
2021-03-15,16.211401240124317,13.624568726111725,18.874707515389765
2021-03-16,16.34111656383114,13.867775369285436,18.947117474330675
2021-03-17,16.325299243803194,13.770218892071776,18.94573084383254
2021-03-18,16.395172629959397,13.954434274284141,19.047842641964525
2021-03-19,16.46652231000763,13.926325200728318,19.07214519898042
2021-03-20,16.470753620223125,13.957606334730055,18.879255775006246
2021-03-21,16.652584615042002,14.275555563513267,19.414191100543444
2021-03-22,16.708482302830916,14.156337688322202,19.362614825540632
2021-03-23,16.879700056755627,14.191056488425913,19.312184962486427
2021-03-24,16.90379569649433,14.24203876684949,19.548940405773873
2021-03-25,17.011261300931025,14.48697441856534,19.72197493721276
2021-03-26,17.11723026090246,14.418934828065856,19.674876358768906
2021-03-27,17.152546178370308,14.575760260767602,19.59381563881121
2021-03-28,17.361464613339702,14.792842516644086,20.039795145249826
2021-03-29,17.44009539012068,14.855925440658735,20.041042749374927
2021-03-30,17.629443303542004,14.983740152696846,20.363462268599886
2021-03-31,17.66692674656018,15.02674630963482,20.36370324728249
2021-04-01,17.783005413975143,15.20766304380237,20.314183999172773
2021-04-02,17.892882756560404,15.427536000895543,20.278385882349948
2021-04-03,17.927567999035627,15.344108602275018,20.36793368200351
2021-04-04,18.131569031243092,15.782598110569458,20.668350865795684
2021-04-05,18.201324171918078,15.648067371817955,20.735680662726008
2021-04-06,18.37823101483823,15.976640544916945,20.766198264971766
2021-04-07,18.400152251144256,16.046758449320876,21.019570324338158
2021-04-08,18.498030009116057,15.856180464504776,21.148951686409898
2021-04-09,18.58757477187215,16.014602588198894,21.08837876259966
2021-04-10,18.600314061085484,15.95616014545407,21.261880531307142
2021-04-11,18.78127254875515,16.164101280768016,21.31683569155206
2021-04-12,18.827391917561936,16.283877424994866,21.210882566639572
2021-04-13,18.980548960797094,16.46484527228667,21.743502470529993
2021-04-14,18.9790520499732,16.425461983589518,21.661996412746763
2021-04-15,19.0542476934198,16.442063884531652,21.75966098290542
2021-04-16,19.122203372386316,16.58390711050232,21.47946914871521
2021-04-17,19.11475191093961,16.690721871431098,21.714414971441116
2021-04-18,19.277169051996218,16.79225512133923,22.096371382785296
2021-04-19,19.306592514058774,16.792381350926174,21.8486239760498
2021-04-20,19.445040920917542,16.825647555552262,22.065662345043837
2021-04-21,19.430912585823577,17.004944070888403,22.075496541676046
2021-04-22,19.49559568533541,17.0747829316756,22.397090138412622
2021-04-23,19.555155787247042,16.896738815547685,22.097215516326436
2021-04-24,19.5413857411756,17.118303867871898,22.124816000559093
2021-04-25,19.699489339854605,17.01907824950549,22.271035073258712
2021-04-26,19.726506754243992,16.9939514715427,22.258313596814407
2021-04-27,19.864339865448336,17.385724995867005,22.235954825707896
2021-04-28,19.85125721708487,17.387810687998414,22.305773917274866
2021-04-29,19.918509885401278,17.292999431955955,22.50793833361773
2021-04-30,19.982024021467378,17.372685626995313,22.55506964695619
2021-05-01,19.973454898473882,17.50191884580353,22.602412780898423
2021-05-02,20.137873736699646,17.620679174230286,22.7036465551012
2021-05-03,20.172195217954627,17.436078233760476,22.73174261569144
2021-05-04,20.318203767897813,17.820936961958736,23.04531122589281
2021-05-05,20.314058333003025,17.79157861877331,22.965440348001785
2021-05-06,20.39090699967117,17.82353717414699,22.926756867492166
2021-05-07,20.46457730484496,17.752254282074155,22.987499383431103
2021-05-08,20.46662720732223,17.770811394479306,23.05879245136007
2021-05-09,20.642028164510013,18.069855600224656,23.355460371727997
2021-05-10,20.68758842831119,18.00150583327472,23.101647165303774
2021-05-11,20.84497486287015,18.355947696831123,23.548185199804898
2021-05-12,20.8522132496014,18.288302311641797,23.451387865375263
2021-05-13,20.94029867147486,18.22770327953385,23.495110089337796
2021-05-14,21.024882067372225,18.43920782080417,23.674712950812836
2021-05-15,21.037318155477344,18.286694656086507,23.480933218627627
2021-05-16,21.222346380066973,18.725091825838533,23.9551987941728
2021-05-17,21.276513177148242,18.576881230347812,23.87216365297056
2021-05-18,21.441194008559663,18.9618132799487,24.161374378141783
2021-05-19,21.45409523618389,18.923397597262838,24.157764373320955
2021-05-20,21.54586748917062,19.14444204095456,24.165597115268326
2021-05-21,21.63179662748851,19.120780300477858,24.03628473602684
2021-05-22,21.642857463142796,19.019425873415972,24.081709811641073
2021-05-23,21.82340180571091,19.21824519020848,24.343122250405955
2021-05-24,21.869588991274277,19.131098025857078,24.39052276250848
2021-05-25,22.022417162567812,19.446333830104688,24.55341465833486
2021-05-26,22.019235149260723,19.2611706527693,24.43466907820188
2021-05-27,22.09036634361356,19.551775747164005,24.678060011199058
2021-05-28,22.150810389326644,19.634847123446384,24.596962490666865
2021-05-29,22.131307539692113,19.415431689073795,24.61784012008302
2021-05-30,22.276036935547,19.90089766595026,24.770867732374843
2021-05-31,22.281056644370057,19.576546335413063,24.94822870731358
2021-06-01,22.387343418466088,19.89229151288389,24.937558122784157
2021-06-02,22.332311728613888,19.701572174659763,25.027325232734857
2021-06-03,22.346443202214964,19.602569351745966,24.80849293798785
2021-06-04,22.344992052345916,19.81992897780711,25.01864492104954
2021-06-05,22.259051164685683,19.669284161705914,24.643259012173207
2021-06-06,22.333249952377468,19.87561566587496,24.99383897217244
2021-06-07,22.26419173351891,19.749725555446826,24.834205374228656
2021-06-08,22.293488559948052,19.562246366451078,24.86460959145766
2021-06-09,22.15927308385668,19.605170784759512,24.875434568714073
2021-06-10,22.092818681186987,19.50412901714792,24.742683760010678
2021-06-11,22.010233566573863,19.465690066858528,24.565081261183334
2021-06-12,21.843513770649583,19.172355104658973,24.217300284874817
2021-06-13,21.838226344522308,19.186104763324376,24.37776114531985
2021-06-14,21.691930845745677,19.15139160237654,24.339273114843326
2021-06-15,21.647197371672362,19.153605517026744,24.091683853777326
2021-06-16,21.443101093074034,18.833228791375536,24.00479348551983
2021-06-17,21.31182489323693,18.96365451182563,24.033982026135412
2021-06-18,21.170336243510203,18.613093773157967,23.70682641312404
2021-06-19,20.951423582128683,18.3245843700839,23.328560892193664
2021-06-20,20.901363946599137,18.404501480958867,23.310824573477536
2021-06-21,20.718330278906073,18.135797090673773,23.31032527700592
2021-06-22,20.645397004315825,18.01898790693541,23.119840016495743
2021-06-23,20.422024132727316,17.956029719786667,23.172561784202973
2021-06-24,20.28065173730889,17.66983876729628,22.95689839836713
2021-06-25,20.138371137923695,17.60219323138123,22.67486871610207
2021-06-26,19.927958194551827,17.13530584088662,22.488571639471182
2021-06-27,19.89554053776367,17.392442283484016,22.413762091930494
2021-06-28,19.739007168696787,17.212224945130384,22.389846570820872
2021-06-29,19.70101897874582,16.999506174579647,22.167965116335893
2021-06-30,19.520500325037183,16.94757232924815,22.20866501202155
2021-07-01,19.429243344352432,16.660466958786614,21.796083693514852
2021-07-02,19.343591106340984,16.69314242908893,22.026157695513678
2021-07-03,19.19548473607178,16.58991749570253,21.721439328150247
2021-07-04,19.230146016534512,16.64134984152613,21.763489925386917
2021-07-05,19.144503554176246,16.69342716031788,21.61748722470252
2021-07-06,19.180220684411452,16.655687886393107,21.778323595355545
2021-07-07,19.07520486566451,16.64980347679802,21.723212977642934
2021-07-08,19.060229852689904,16.312671602196428,21.32305100144443
2021-07-09,19.050636363585728,16.71806183157289,21.52494983911238
2021-07-10,18.97739599919548,16.415134360239083,21.792137406421773
2021-07-11,19.084809578257115,16.53028980897042,21.629839673473427
2021-07-12,19.06894765656895,16.353398208714076,21.6146455874527
2021-07-13,19.170691131943276,16.61675953338536,21.817443603834505
2021-07-14,19.12725145414307,16.42299660495514,21.749963714717502
2021-07-15,19.168801551743975,16.53245827589121,21.621809194001692
2021-07-16,19.210183065442777,16.829120302547803,21.800958536416275
2021-07-17,19.181974577318215,16.666456674358525,21.749528596472306
2021-07-18,19.32819198630822,16.73146881656,21.74767722601112
2021-07-19,19.3447288398428,16.70402133903483,22.018208439534625
2021-07-20,19.47239461730834,16.994689388936045,22.017658833349977
2021-07-22,19.503134810707827,16.92419229074185,21.960840340046065
2021-07-23,19.55156127580807,17.04339795301957,21.912010126051758
2021-07-24,19.524579481593836,16.821998697984128,22.129079828064743
2021-07-25,19.66656451786497,17.06577406141934,22.1051803919398
2021-07-26,19.673826564609975,17.190421433979072,22.25589673421059
2021-07-27,19.7876378245014,17.09838988978035,22.307284002821735
2021-07-28,19.74573687990822,17.181037660325256,22.382460122196882
2021-07-29,19.778942052149116,17.090155961293465,22.332913125637525
2021-07-30,19.802839837704035,17.517465795202252,22.25338760870811
2021-07-31,19.748833601954697,17.244892932886035,22.4513821622751
2021-08-01,19.861824164398367,17.264587894341663,22.48149132002244
2021-08-02,19.83863054901966,17.247969191120443,22.409618691417563
2021-08-03,19.921009327723603,17.270280145697527,22.563662897866962
2021-08-04,19.847152608590466,17.321214975831445,22.493321629287863
2021-08-05,19.848296306062434,17.314595831023723,22.375971715935744
2021-08-06,19.840404787256055,17.280505233580158,22.32577735079094
2021-08-07,19.755217056128448,17.12087710364567,22.347186073719037
2021-08-08,19.83792605490269,17.1817671464206,22.4727950404739
2021-08-09,19.785599269917412,17.27442472018614,22.286918757737904
2021-08-10,19.840198955794,17.251235503522533,22.42986381863588
2021-08-11,19.740081893372267,17.22271726402724,22.29939191622563
2021-08-12,19.716610165636265,17.20114947658856,22.133946014001502
2021-08-13,19.685838882323072,17.12504687248495,22.02910460621099
2021-08-14,19.579565846935115,17.00699696801755,22.20615070824049
2021-08-15,19.643014579014366,16.977415667637004,22.154245342620754
2021-08-16,19.57325871945128,17.054287680539115,22.19128021872739
2021-08-17,19.612245985671123,17.10793237249283,22.26194362147822
2021-08-18,19.498301462023015,16.99049726178376,22.36349741784779
2021-08-19,19.462741600144035,16.96798003378086,22.071132201176415
2021-08-20,19.421564774164413,16.949617468230446,21.9299332713663
2021-08-21,19.30650332413742,16.773833336943188,21.77234176569205
2021-08-22,19.362708466728463,16.72187031866431,22.056009235424295
2021-08-23,19.287176093466154,16.71112971366475,21.889262198801816
2021-08-24,19.321771641255047,16.59007474648454,21.875879300426938
2021-08-25,19.20473386166482,16.740117570095762,21.61390068366054
2021-08-26,19.167288925440722,16.45828273838322,21.746091809667845
2021-08-27,19.125340785721402,16.50999410446924,21.868592854368373
2021-08-28,19.01052282477823,16.424989092551538,21.37948028494531
2021-08-29,19.067882262988874,16.75673769756334,21.378898985047513
2021-08-30,18.99430545350215,16.28432795115089,21.444790178703073
2021-08-31,19.03154234902302,16.495924496056773,21.434910730445672
2021-09-01,18.91771006281333,16.454567379742585,21.707267354580924
2021-09-02,18.88390704529869,16.353391363515954,21.590193193321056
2021-09-03,18.845903870074846,16.209618898766408,21.289093111754678
2021-09-04,18.73519570638272,16.233947265589173,21.197533904253287
2021-09-05,18.796687988275124,16.060979008489632,21.242648093207496
2021-09-06,18.727123412846865,16.221268476029056,21.331221634353923
2021-09-07,18.768108539324004,15.960450429276062,21.42777483755731
2021-09-08,18.65761987287747,15.995424312539045,21.198685205007017
2021-09-09,18.626620893701787,16.14208892064018,21.180756622014066
2021-09-10,18.59075594346647,16.0885935655451,21.102865821758023
2021-09-11,18.481405946450568,15.987508554014852,21.0074701911743
2021-09-12,18.543377361199152,15.944691394354875,21.306651988662978
2021-09-13,18.473332370187656,16.048401249167238,20.950038527180116
2021-09-14,18.512818448571654,16.066280287540234,21.014657998671538
2021-09-15,18.39977706430407,15.78109255208604,21.009756176015575
2021-09-16,18.365162842891124,15.722462854499241,20.927644955342185
2021-09-17,18.32463899109695,15.68367725247563,20.79787987883795
2021-09-18,18.209633853551367,15.687465238724348,20.689446985681045
2021-09-19,18.265029913768814,15.76580162960075,20.772564119013467
2021-09-20,18.187593185814265,15.579135143863294,20.53729025595194
2021-09-21,18.21900110425549,15.735680292198719,20.889783626324878
2021-09-22,18.097348651854695,15.453695260964023,20.667364173914773
2021-09-23,18.053764096735964,15.364802793167376,20.535010837687945
2021-09-24,18.0041001751397,15.41751158478397,20.55417661038805
2021-09-25,17.879985686822558,15.374634013956143,20.335084453512646
2021-09-26,17.926508928353435,15.255678289795064,20.471276562570548
2021-09-27,17.840641051970657,15.233242330687148,20.132853406012263
2021-09-28,17.86425762033991,15.334518398408518,20.519457787094225
2021-09-30,17.686076147508036,15.158977112213499,20.24366033978447
2021-10-01,17.631562837352174,14.93159827815149,20.10644720775794
2021-10-02,17.503834499583288,14.938865967163757,20.032893913085555
2021-10-03,17.54805028567555,14.896599255705796,20.25571063423
2021-10-04,17.461211637730244,14.66449281381685,20.058976557416347
2021-10-05,17.48518079595164,15.006726911694491,20.026402438009615
2021-10-06,17.358178599622654,14.783699527024444,19.912721328021053
2021-10-07,17.31139324507538,14.680543130125113,19.7780569006267
2021-10-08,17.260666128384912,14.688626234071384,19.711093597303595
2021-10-09,17.137539972872016,14.401330427014111,19.743153125378317
2021-10-10,17.186940861071236,14.62872201965368,19.90407860299415
2021-10-11,17.105602397034804,14.615996036058837,19.678798006579274
2021-10-12,17.135090346242652,14.780442575125969,19.875482471190747
2021-10-13,17.01330769269146,14.254718972125247,19.62799942258354
2021-10-14,16.971111608267844,14.400265708551625,19.60267527485814
2021-10-15,16.92400825903258,14.36970885274863,19.64969288287595
2021-10-16,16.80321041565025,14.416413994344904,19.301715957082656
2021-10-17,16.853329231165215,14.410521138838822,19.449972925342486
2021-10-18,16.77080813881755,14.459324084176902,19.288156330079918
2021-10-19,16.796956934997166,14.136153397473064,19.35256341467032
2021-10-20,16.669465703850943,14.149698423072339,19.104089219823255
2021-10-21,16.619029803115488,13.91137295211741,18.98264040067712
2021-10-22,16.56105157616264,13.883500512273997,19.15423683891236
2021-10-23,16.426703521924473,13.8205511086728,19.14349048052554
2021-10-24,16.460624081973272,13.817497901030341,19.013104099312805
2021-10-25,16.359353832099714,13.731091390706357,19.130944453609732
2021-10-26,16.364370022593786,13.693523213976302,18.813341029341412
2021-10-27,16.213599052046504,13.620503792977825,18.87090962475738
2021-10-28,16.13803807516242,13.533515714519783,18.76460472977279
2021-10-29,16.053451445022873,13.491592921852927,18.532276530548764
2021-10-30,15.891426811846262,13.200377254148817,18.22726943333625
2021-10-31,15.897062181589556,13.406298359111355,18.596750145678183
2021-11-01,15.767391916695912,13.175594909305017,18.578500660289773
2021-11-02,15.744409864647318,13.02535513530278,18.414379907306138
2021-11-03,15.566569481308415,13.055119999288731,18.070953018049817
2021-11-04,15.46539246525738,12.731907621163801,18.014703404557235
2021-11-05,15.357151944572642,12.930679332923257,18.16117938568319
2021-11-06,15.17391539527578,12.864604878253619,17.790319662218703
2021-11-07,15.161218958255404,12.44752442193171,17.520486453892538
2021-11-08,15.016481496551787,12.508310552693365,17.66342084108927
2021-11-09,14.982016924055168,12.314176819951562,17.67928789674785
2021-11-10,14.796524993686235,12.165605768584244,17.36097559122447
2021-11-11,14.691692348450578,12.082010377172653,17.225898778545826
2021-11-12,14.583870121302269,12.165692079985131,17.202059317766007
2021-11-13,14.405113457025038,11.840664095487817,17.115111457802495
2021-11-14,14.400854759989093,11.719562667044652,17.15050204143733
2021-11-15,14.26831908482435,11.859918771165104,16.94221394954598
2021-11-16,14.249540211007124,11.56727086142385,16.93857649984649
2021-11-17,14.08285753269524,11.582540532556687,16.619769347970117
2021-11-18,13.999525444168885,11.416621114812001,16.555633970496203
2021-11-19,13.915401319737319,11.415784101044794,16.536676201324777
2021-11-20,13.761997214302784,11.285100404874836,16.07084687902948
2021-11-21,13.78416678742647,10.978116056637196,16.21166807998278
2021-11-22,13.678535520361129,11.031626808788682,16.275719415996033
2021-11-23,13.686532381913782,10.990945302227587,16.09320809696613
2021-11-24,13.545902661908416,10.85134184170467,16.101779536794336
2021-11-25,13.487333223688124,10.949065855373334,16.27255774920065
2021-11-26,13.426155840972458,10.821440623216475,16.02801358318624
2021-11-27,13.293413319104404,10.585815595806357,15.935661699634165
2021-11-28,13.333559496749613,10.699223954969149,15.804562674373779
2021-11-29,13.242900821735658,10.739119672653178,15.741219663345797
2021-11-30,13.262637323050047,10.639614436841526,15.642399629283842
2021-12-01,13.130382415726853,10.824180527637159,15.566903908299084
2021-12-02,13.076792568447381,10.589504771608594,15.678284450409073
2021-12-03,13.01727234495465,10.581518890263865,15.637162791856731
2021-12-04,12.883039437743584,10.413110547866172,15.525739146129158
2021-12-05,12.918820784386744,10.259433585195934,15.506073772645799
2021-12-06,12.821287531558426,10.33596692177662,15.276938193625467
2021-12-07,12.832086816218622,10.201205859667049,15.361689875070821
2021-12-08,12.689350021131112,10.329167362426965,15.298896420401881
2021-12-09,12.62430882279236,10.118017680395987,15.197212042979622
2021-12-10,12.552984891785606,9.994167091466336,15.148575350997497
2021-12-11,12.407238264696783,9.867712620157961,15.057987359801025
2021-12-12,12.432445919927229,9.711327774046522,15.049446933499407
2021-12-13,12.325918793968473,9.852825339554187,14.671070402670576
2021-12-14,12.329915695974433,9.74573876948985,14.970525381224643
2021-12-15,12.183134269714046,9.66697610479149,14.804119865205536
2021-12-16,12.117310802847737,9.673387413481,14.752459857281908
2021-12-17,12.048895201950415,9.566493772807922,14.623290729707435
2021-12-18,11.910086574422714,9.52010095424345,14.529021693049032
2021-12-19,11.946501323139152,9.246966206689045,14.522199141347135
2021-12-20,11.855582304609651,9.291473084290313,14.407452291411847
2021-12-21,11.879607754018263,9.256408657812019,14.411787763033926
2021-12-22,11.757180295596154,9.090734049789287,14.16730628798125
2021-12-23,11.719827925952062,9.084133790626693,14.129494136997382
2021-12-24,11.68368329152973,9.162150940779027,14.137022741855395
2021-12-25,11.580526618117705,8.9714124196086,14.036255634750939
2021-12-26,11.655464030514548,8.948302621550162,14.276999880300565
2021-12-27,11.605349564569977,9.045045310582147,14.005859643892604
2021-12-28,11.671809251588392,9.299228630547052,14.239995874796621
2021-12-29,11.592747203499988,8.933434840097753,14.025447869004276
2021-12-30,11.598965139709406,8.979526602499787,14.227869335492485
2021-12-31,11.605861185108282,9.122285287214652,14.12235921582654
2022-01-01,11.544492773558968,8.95192285683268,14.168048697597117
2022-01-02,11.659274853419195,9.02409795576918,14.195513440167812
2022-01-03,11.646421152506367,9.069443711042437,14.152232309053856
2022-01-04,11.746986349284153,9.222395276599652,14.18798681393509
2022-01-05,11.69838857168301,9.071082271092456,14.135916185118822
2022-01-06,11.731043197835344,9.371033411586053,14.35345623387714
2022-01-07,11.76007337497408,9.13367356597032,14.481966966063291
2022-01-08,11.716381742731443,9.159560954715554,14.13732783172135
2022-01-09,11.844354284520303,9.068264975214783,14.327558690403912
2022-01-10,11.84030387480946,9.25991201930766,14.521533464475858
2022-01-11,11.945511268614617,9.521517920298539,14.700028757881048
2022-01-12,11.897742946807734,9.29174666720837,14.335498453430985
2022-01-13,11.92787687734203,9.533797700752606,14.360267594212688
2022-01-14,11.95160178654546,9.501463028663482,14.479281207645236
2022-01-15,11.900474692647485,9.32250973388106,14.610421506610699
2022-01-16,12.019607972745503,9.557697440644437,14.859839245557412
2022-01-17,12.006093951348209,9.600545401973505,14.57676662809146
2022-01-18,12.102025239284844,9.64785971520971,14.785824010305046
2022-01-19,12.045990768628046,9.612216105635035,14.762583628571015
2022-01-20,12.069679151484436,9.599177433571182,14.742318825265029
2022-01-21,12.089555545292082,9.599090889230885,14.672671204524244
2022-01-22,12.03789737044912,9.480713989269365,14.532385262373229
2022-01-23,12.160460734436583,9.71722962376256,14.815704891591823
2022-01-24,12.154886107278717,9.596988224922324,14.72472040093806
2022-01-25,12.263701992529832,9.797934195357747,14.66767510797619
2022-01-26,12.225806999638792,9.515752966291094,14.719202239082184
2022-01-27,12.273062337972988,9.74385272203431,14.905819164877476
2022-01-28,12.321961229054759,9.878616622290352,15.05500794396735
2022-01-29,12.3046608094786,9.695630200183187,14.705835278128797
2022-01-30,12.46664851166256,9.840502094803464,14.848302730737977
2022-01-31,12.505151502654881,9.87269545965626,14.951097182834111
2022-02-01,12.662147861579498,9.99987557226682,15.2406912857974
2022-02-02,12.675859740296836,10.207968096414065,15.287357390825093
2022-02-03,12.77736027245009,10.136585005886891,15.182708102341484
2022-02-04,12.882260384912605,10.27555934312031,15.471594753075973
2022-02-05,12.921760662835503,10.259863452211816,15.620864813639265
2022-02-06,13.140339766273256,10.476701054342751,15.76131995715229
2022-02-07,13.234187434116206,10.741541095532991,15.809448980937816
2022-02-08,13.44424017028188,10.772928676523234,15.866852436553685
2022-02-09,13.507699245058312,11.012661190795372,15.953620283420044
2022-02-10,13.654662155049975,11.089336920428686,16.133787355579546
2022-02-11,13.799833080029412,11.098376674149478,16.40111230173626
2022-02-12,13.873596894265258,11.490851411318213,16.509555745667882
2022-02-13,14.11972767409599,11.484031503088477,16.485530261859243
2022-02-14,14.233839233121572,11.554674129105521,16.808513954995142
2022-02-15,14.45643534043547,11.958094622637168,17.035172646724664
2022-02-16,14.524438891394169,11.849403616454966,17.06939747076223
2022-02-17,14.66783089632107,12.05075778198715,17.215395485389624
2022-02-18,14.801364639763921,12.101761975022358,17.367547938957486
2022-02-19,14.855639479028117,12.18219515978355,17.457750336556497
2022-02-20,15.074805233795198,12.324077996670157,17.679803274021612
2022-02-21,15.155004806427307,12.594984646201645,17.732912768400663
2022-02-22,15.337412891617229,12.988501688193656,17.766178539068683
2022-02-23,15.359750337469974,12.665692981048203,17.78462644757768
2022-02-24,15.452905397317867,12.841804890825586,17.94918940440248
2022-02-25,15.532627670046818,12.710260043419037,18.08884198770618
2022-02-26,15.530579702200491,12.940464576905516,18.009212536775358
2022-02-27,15.692017754177892,13.295311836746032,18.45565064900612
2022-02-28,15.71420995219014,13.134422287836335,18.519091394286686
2022-03-01,15.839450282990713,13.249806453843528,18.422770877205977
2022-03-02,15.806548592669866,13.211337557203656,18.245235000029535
2022-03-03,15.847428413417044,13.231787089716196,18.413202223356414
2022-03-04,15.87879897121107,13.23183511087647,18.51554131503908
2022-03-05,15.833186859470528,13.488390933439737,18.470593925234898
2022-03-06,15.956599336668594,13.494007369274001,18.476216509247916
2022-03-07,15.946927858104344,13.165498735965215,18.588915526796363
2022-03-08,16.046950611053976,13.466871243012204,18.705652606902206
2022-03-09,15.995814443376505,13.402012705496173,18.644903348512806
2022-03-10,16.0256281500958,13.311004344158551,18.641564640292366
2022-03-11,16.0531335209468,13.384861991149108,18.65422094350232
2022-03-12,16.010739593398156,13.460199019693214,18.626465416135865
2022-03-13,16.144191940519892,13.72627434732499,18.69272111967897
2022-03-14,16.150985391846213,13.593601373742883,18.7730542799071
2022-03-15,16.273378667904897,13.653583076079995,18.81370850346467
2022-03-16,16.249890962213748,13.570116312224094,18.835700012036543
2022-03-17,16.31191202175526,13.682590247238203,19.147128163782067
2022-03-18,16.375391669985024,13.81983182688966,19.018080574433597
2022-03-19,16.372311184526634,13.834309678988667,18.930243404056387
2022-03-20,16.547120552798738,13.973839851005511,19.00769218473608
2022-03-21,16.596424079079885,14.21589376284999,19.178425204758085
2022-03-22,16.761597725116474,14.309977887467854,19.53058620667059
2022-03-23,16.780305027852396,14.07125180525447,19.289012235962794
2022-03-24,16.88312523432564,14.463597696486511,19.465085635666956
2022-03-25,16.985259191112224,14.546742925085237,19.679928084817245
2022-03-26,17.017597589572713,14.379939835544754,19.50874604885814
2022-03-27,17.22442259691018,14.74870174737689,19.81458341662665
2022-03-28,17.30185053568237,14.685537815902839,19.8482723657362
2022-03-29,17.490873438583044,15.059833872787653,20.046878791179147
2022-03-30,17.528878955286764,14.979752965457456,20.1902539261339
2022-03-31,17.646279714486262,15.029315466674891,20.109379031850583
2022-04-01,17.758217755426507,15.09367527516124,20.346870779408967
2022-04-02,17.795628775892144,15.399026336688218,20.366721248701193
2022-04-03,18.002937435147473,15.595663660372175,20.646758884401375
2022-04-04,18.07649163810159,15.549019180848775,20.66099425279296
2022-04-05,18.25759393730155,15.71963879328655,20.661401138050852
2022-04-06,18.28400987537487,15.8715133556469,20.865947534188162
2022-04-07,18.38658474208003,15.909893466318591,20.923523978943383
2022-04-08,18.480934745149092,15.95943301872154,21.26888393697564
2022-04-09,18.498497729210992,15.865076558117154,21.249440446142806
2022-04-10,18.6842150598362,16.28967927860731,21.33273600501254
2022-04-11,18.734952958095125,16.123160989800194,21.332064020628817
2022-04-12,18.892521752079695,16.374823328279696,21.532473649684956
2022-04-13,18.895173159927708,16.312777222002993,21.55901405955153
2022-04-14,18.974207325100366,16.53419995042249,21.518371644858796
2022-04-15,19.045655798614572,16.57958942845442,21.670881734230317
2022-04-16,19.041325742800794,16.392538995070193,21.693423258674873
2022-04-17,19.206477056378475,16.671632101966164,21.812707954360462
2022-04-18,19.238240730908014,16.699799855916602,21.713197199667395
2022-04-19,19.378636872932493,16.883448862930916,22.1670873275358
2022-04-20,19.366072420399323,16.675803938329697,21.879467202275023
2022-04-21,19.43195013893624,16.902337562845172,21.941118064577275
2022-04-22,19.492354914293774,16.85245689964585,22.0323874124292
2022-04-23,19.47910240115942,16.913274428642545,22.20394730971305
2022-04-24,19.63742148599347,17.087102241153662,22.13134339924888
2022-04-25,19.664378612932612,17.074360241387588,22.127756572897887
2022-04-26,19.80190213651482,17.218513959971926,22.303665518120702
2022-04-27,19.788286459130255,17.20019709101115,22.277099772228734
2022-04-28,19.854807277219194,17.214855630492018,22.4606283902016
2022-04-29,19.91741370887445,17.425411361934646,22.5669232554167
2022-04-30,19.907782145334043,17.288461258749123,22.451165409432452
2022-05-01,20.07100309925981,17.639262609016185,22.786106621171133
2022-05-02,20.104008952919276,17.622147769292397,22.637196023376198
2022-05-03,20.24860066736141,17.66342046673192,22.916950120628982
2022-05-04,20.24295315407237,17.569999261971567,22.69223026231629
2022-05-05,20.318230624330628,17.940198531902105,22.87471752378095
2022-05-06,20.39027772749183,17.832126258626953,23.058789485467504
2022-05-07,20.390671404810053,17.68392121776207,22.984159942487278
2022-05-08,20.564404858004682,17.93655493186142,22.974568090255982
2022-05-09,20.608311699394836,18.211314977467353,23.13378204671492
2022-05-10,20.764088539823824,18.2216070440686,23.292858543638665
2022-05-11,20.769795935285085,18.157342416220498,23.496994856955318
2022-05-12,20.8564692433426,17.98216114083037,23.55664711340718
2022-05-13,20.939805444402705,18.310535323992394,23.335063265164045
2022-05-14,20.951211097495907,18.619730594873072,23.716158984415266
2022-05-15,21.13548306325276,18.753265286874694,23.580146014611618
2022-05-16,21.1892302763365,18.481894146323437,23.590915091452924
2022-05-17,21.353895012944324,18.903429473597473,24.01814904653491
2022-05-18,21.367253730504245,18.64841290851587,24.19080358257329
2022-05-19,21.46002914752162,18.995179520727945,24.082382248032467
2022-05-20,21.547579691253105,18.905802531316148,24.1477072486628
2022-05-21,21.560951507669067,19.049489510619857,24.124821141006173
2022-05-22,21.74456464138295,19.319878045641087,24.265903973936076
2022-05-23,21.794641592522915,19.238354431607256,24.35201841984933
2022-05-24,21.952236571729756,19.42084265283138,24.569134495089358
2022-05-25,21.95474535958283,19.44199544356566,24.457350689319668
2022-05-26,22.032527225417518,19.3140902721219,24.51207498756242
2022-05-27,22.100604783650912,19.57219137349647,24.678750046690247
2022-05-28,22.089726702813223,19.455271621747524,24.56320392991719
2022-05-29,22.24406457387441,19.842101092111783,24.82367923952458
2022-05-30,22.259651830549462,19.891464823413923,24.78892543031543
2022-05-31,22.377422724542154,19.810853902438158,24.93959496212128
2022-06-01,22.334730949302873,19.551607974602394,24.91777922057971
2022-06-02,22.361979069514202,19.628908509478595,24.922654466302806
2022-06-03,22.374324360816324,19.9987290696987,25.058680686073558
2022-06-04,22.302745734119664,19.80721126864719,24.833482264391858
2022-06-05,22.391742850724565,19.927001915563007,24.915715951265682
2022-06-06,22.3377751678053,19.698329183442628,24.860718585544742
2022-06-07,22.38229881670575,19.784275162782205,24.895198628963183
2022-06-08,22.263280863761935,19.896188365110113,24.95035169915526
2022-06-09,22.211822126056354,19.59341021671721,24.874826222924728
2022-06-10,22.143854221656966,19.55574520833723,24.692996093646745
2022-06-11,21.99119566264694,19.399178828145214,24.46643146428896
2022-06-12,21.999238287519795,19.46083733050837,24.505772758895404
2022-06-13,21.86537201501151,19.316537994183964,24.491193916853245
2022-06-14,21.83200611088089,19.216987989506407,24.350656950313383
2022-06-15,21.638066845913993,18.908783930107376,24.232589895581874
2022-06-16,21.515603077481984,18.8491791366955,24.172125210042733
2022-06-17,21.38146581636942,19.00056789072044,24.051022131475147
2022-06-18,21.168346981880404,18.569385007219267,23.79969484039761
2022-06-19,21.122449038795718,18.483322710166785,23.783260010057216
2022-06-20,20.941893887331975,18.434984130079727,23.46268489350104
2022-06-21,20.8697295686014,18.119603954418743,23.430679809855814
2022-06-22,20.64541500710388,17.97276438139228,23.181206783892083
2022-06-23,20.50141462910294,17.968790791714934,22.96576691463838
2022-06-24,20.354869180462078,17.738009864107976,23.078946624054126
2022-06-25,20.138628157217994,17.519622208613324,22.618069222329815
2022-06-26,20.098915695808486,17.490830440024993,22.797187668786112
2022-06-27,19.9337383865137,17.493532510021055,22.622017401345538
2022-06-28,19.88589360177386,17.443435081370577,22.604945842668435
2022-06-29,19.694458526228665,17.064038742293306,22.169250556656056
2022-06-30,19.59139162979764,17.15803110693917,22.206174144228008
2022-07-01,19.49321274971809,16.988302143699336,22.14849650769793
2022-07-02,19.332046981301065,16.778282482456405,21.75020362649338
2022-07-03,19.353303960642112,16.750607621833797,21.764328238278853
2022-07-04,19.254100695979552,16.80884725104187,21.868408903287687
2022-07-05,19.276286197414404,16.474537452354525,22.08560741732379
2022-07-06,19.15794772364295,16.547117024277636,21.76964760414988
2022-07-07,19.130030002159717,16.50026742138726,21.844775824733844
2022-07-08,19.108033197090506,16.52928561308768,21.74427867911637
2022-07-09,19.023074435716865,16.4124050511399,21.60810205996711
2022-07-10,19.11958410091284,16.67247198094355,21.737122984348087
2022-07-11,19.093744692120335,16.493065393538906,21.60251878602183
2022-07-12,19.186530180911014,16.68022727422336,21.783685126434886
2022-07-13,19.135225394091687,16.688855501003392,21.726878806319025
2022-07-14,19.170056539495974,16.638034319606604,21.814717923770953
2022-07-15,19.20589845680906,16.80984395536063,21.766115503931704
2022-07-16,19.173343265869644,16.57440185705003,21.769701108633758
2022-07-17,19.316401536492883,16.720383013298093,21.962279438690604
2022-07-18,19.33094375534972,16.80147794922398,21.86523426810708
2022-07-19,19.457740044141044,16.931067953066638,22.048824633044195
2022-07-20,19.433977743186382,17.04202734886523,21.97412535968657
2022-07-21,19.48988810603113,16.98401080302247,22.036061685621064
2022-07-22,19.54044786226912,17.013754294590075,22.22604410769109
2022-07-23,19.51644053427442,17.32205421431838,22.129067665221687
2022-07-24,19.66214887664161,17.153310938729685,22.296470428952183
2022-07-25,19.67378648261635,17.292087114595052,22.263785178288718
2022-07-26,19.79252679647607,17.20217447132385,22.409789445826753
2022-07-27,19.756009438512596,17.176854693356074,22.271048721406412
2022-07-28,19.794955380403163,17.218702202915534,22.514255696855702
2022-07-29,19.824857012135514,17.315146370348646,22.248651481415365
2022-07-30,19.77702825455255,17.212038413057044,22.363372571809425
2022-07-31,19.896286332398766,17.370255641464414,22.479238468709354
2022-08-01,19.87937347016595,17.2147807325751,22.547785926541582
2022-08-02,19.967976934813898,17.28054563209936,22.49441138634266
2022-08-03,19.900227480622092,17.51080470113334,22.506372026758385
2022-08-04,19.907307843584224,17.228083105698197,22.496164070903806
2022-08-05,19.905137395975512,17.423106874330788,22.432015516257465
2022-08-06,19.825418144511765,17.176639964214907,22.292343878548607
2022-08-07,19.913313677520264,17.33271157765108,22.5827190242125
2022-08-08,19.865869277476854,17.32576411982921,22.534319012954548
2022-08-09,19.92503154409183,17.112049958439123,22.55739034226979
2022-08-10,19.829147475580918,17.228397319979216,22.316146084494616
2022-08-11,19.809574524292056,17.200500765682598,22.318912851722754
2022-08-12,19.782367588013322,17.185351049368457,22.132983161979787
2022-08-13,19.679327958969736,17.153941454151187,22.199787062735478
2022-08-14,19.745685668471626,17.14697420816357,22.246560597869717
2022-08-15,19.678523276117105,17.157206024817246,22.506848290866493
2022-08-16,19.719799287033666,17.124268309007476,22.324450100347526
2022-08-17,19.60785099421396,16.98323866606577,22.048014427720233
2022-08-18,19.574008127357658,17.311524176939976,22.14548569266945
2022-08-19,19.53428315463688,17.09697598763343,22.149893491694936
2022-08-20,19.420423167420054,16.926625923355665,21.857984498586564
2022-08-21,19.47759471909812,17.015794932591522,21.96541759736471
2022-08-22,19.402809626423767,16.846993858234647,21.906567390201293
2022-08-23,19.43794990284883,16.87149237170491,21.88980574079915
2022-08-24,19.321271632597227,16.780532050855598,21.89283080317867
2022-08-25,19.284019202479108,16.450437998684382,21.839076386714545
2022-08-26,19.24211579471216,16.818926387615004,21.851599597140325
2022-08-27,19.127215145549798,16.55922083436799,21.757170634047448
2022-08-28,19.184386029484916,16.65379189414372,21.779879078929508
2022-08-29,19.110537575513174,16.60808352689592,21.85256381852732
2022-08-30,19.147443687677054,16.335665323572083,21.65165951253644
2022-08-31,19.03324648116592,16.57043786407807,21.68162199925563
2022-09-01,18.99907024852977,16.490553610712713,21.699563109936456
2022-09-02,18.960711947274824,16.24788118623468,21.300915021607253
2022-09-03,18.84969328795106,16.289419401728303,21.4674099237809
2022-09-04,18.91094593955143,16.44266070122304,21.471386418141105
2022-09-05,18.8412379956125,16.33179969220104,21.294135185808425
2022-09-06,18.882199987926246,16.12024812488338,21.29679855205211
2022-09-07,18.77183035042832,16.11671213944327,21.291084174217723
2022-09-08,18.741111815444857,16.089458701158073,21.35116527111468
2022-09-09,18.705704678230234,16.08068721598013,21.211336454690752
2022-09-10,18.5970019322015,16.018022339323505,21.22481757448278
2022-09-11,18.659817696169185,15.980123806446638,21.008414996200543
2022-09-12,18.590816965838492,15.860081597111533,21.073537072414666
2022-09-13,18.63154485383084,16.06651419402514,21.319689406538817
2022-09-14,18.51993509106518,15.821379254507834,21.195596602013477
2022-09-15,18.486929139840324,15.873166259752702,21.104567315433687
2022-09-16,18.448171725700224,15.936427313075662,21.004516966383935
2022-09-17,18.335067669870874,15.918265056365426,20.95818853353814
2022-09-18,18.392471336125915,15.983212723394143,21.177574152436662
2022-09-19,18.317116634888816,15.825776402104133,20.81113117446328
2022-09-20,18.3506456814423,15.817338710002819,21.147601758333842
2022-09-21,18.231115839389474,15.739951250779288,20.942131312463328
2022-09-22,18.189616486389788,15.772819250072187,20.749051362963662
2022-09-23,18.141961326145903,15.744672482867728,20.795682683143394
2022-09-24,18.01974117632251,15.492904848425216,20.649949628136604
2022-09-25,18.06800862491416,15.496121978074488,20.638161297570612
2022-09-26,17.98370260597108,15.305863365297112,20.465948015558165
2022-09-27,18.00867112669834,15.367673878357895,20.51021297501453
2022-09-28,17.88117203589928,15.305878231129526,20.2767155360127
2022-09-29,17.832483348961514,15.152515665946208,20.37678527139847
2022-09-30,17.778589145810724,15.265196093681812,20.445579497990927
2022-10-01,17.651226172458973,15.044550068832683,20.14581862185758
2022-10-02,17.695562741899977,15.186171257413378,20.421973171549336
2022-10-03,17.608618184242097,15.02327964915528,20.39392132614178
2022-10-04,17.63228126627907,14.937902887749006,20.17604854070373
2022-10-05,17.50480764132853,15.161460047104901,20.139874714728006
2022-10-06,17.4574279920253,14.870308063705009,20.097545207412377
2022-10-07,17.406033001009543,14.964238326116234,19.87338852067919
2022-10-08,17.282220364864777,14.771590851442427,19.815493773556685
2022-10-09,17.330975494126562,14.718794689046836,20.021646921402123
2022-10-10,17.24909415581579,14.606891205233799,19.574975426298085
2022-10-11,17.27820544309367,14.534049144754567,19.9406946453815
2022-10-12,17.15627505476287,14.703873514911347,19.619412542764277
2022-10-13,17.11422042758834,14.433451679596308,19.72461852012267
2022-10-14,17.067603697332324,14.450166949853962,19.78395567274698
2022-10-15,16.947687508991816,14.288269584112868,19.504039389946673
2022-10-16,16.999125093140876,14.496760309473345,19.69915534003241
2022-10-17,16.918392613631386,14.194237814034462,19.45122315209499
2022-10-18,16.94682190157245,14.403852198661523,19.606051544310873
2022-10-19,16.822113277638298,14.185120541463075,19.501756312157372
2022-10-20,16.774959722058547,14.26350884942895,19.318141530237966
2022-10-21,16.720748089978482,13.952920644654204,19.29018082378292
2022-10-22,16.590622128297035,14.082531594776526,19.186001622931883
2022-10-23,16.629178468544207,13.975710509122981,19.184854089796122
2022-10-24,16.53290338855471,13.9478460586111,18.98436781770865
2022-10-25,16.543208282254312,14.032410266210329,19.046679511686417
2022-10-26,16.397943407116596,13.74865503643469,19.02170104584423
2022-10-27,16.328021084270265,13.747924164000947,18.803627849890546
2022-10-28,16.249114016464716,13.67662565835332,18.763388716619204
2022-10-29,16.092713501736444,13.283381057081657,18.76305839304565
2022-10-30,16.10381879401599,13.754592764580757,18.557615729853673
2022-10-31,15.979365534303097,13.33074976857843,18.50129579993499
2022-11-01,15.961251374299287,13.34250468211791,18.535741592939342
2022-11-02,15.787838592386013,13.226334911601628,18.340152008963944
2022-11-03,15.690565149537408,12.927223328001432,18.176137586991278
2022-11-04,15.585630158425477,13.189292629969941,18.01973879896348
2022-11-05,15.405038879090842,12.835597557013964,18.019727512092683
2022-11-06,15.394278846445323,12.921845715556428,18.03483924671332
2022-11-07,15.250735416065506,12.511720651502026,17.701835177026005
2022-11-08,15.216705211701804,12.579461564002651,17.958184432450942
2022-11-09,15.030887624277934,12.501300909799156,17.556870506658086
2022-11-10,14.924986138063272,12.3840569284293,17.42774852886994
2022-11-11,14.815385753799333,12.364835883233912,17.53990556152388
2022-11-12,14.634191878080212,12.012725534761564,17.12107151960279
2022-11-13,14.62690249153076,11.91852647160323,17.099039911890074
2022-11-14,14.490822034053242,11.897871015482176,17.043406919090707
2022-11-15,14.468075581567174,11.896348550782879,17.05438448080566
2022-11-16,14.297103490478177,11.55965621694593,17.031640436655714
2022-11-17,14.209268245530035,11.63090471051276,16.741090814386503
2022-11-18,14.120539674232312,11.524069581600758,16.684528250810235
2022-11-19,13.962543725766455,11.415649799638356,16.558594452378877
2022-11-20,13.980246394422554,11.379799928333416,16.59741216154524
2022-11-21,13.87038093765104,11.289493842645488,16.45172881593456
2022-11-22,13.874476626456136,11.334343760509222,16.300057710721855
2022-11-23,13.73036882770106,11.097339672524082,16.496855854309825
2022-11-24,13.668821747268526,11.081162518775223,16.324824376354975
2022-11-25,13.6052295713577,10.915111943640289,16.02980212936272
2022-11-26,13.470680770320952,10.91850637260413,16.030453777334046
2022-11-27,13.509656715939483,11.030307227589455,16.100804419397562
2022-11-28,13.418472349507367,10.724335700087906,15.7007774281816
2022-11-29,13.43831675385238,10.733644987954639,16.246933741516575
2022-11-30,13.3067730835666,10.772149486843626,15.776418278173763
2022-12-01,13.254448886538595,10.724378630679649,15.933174863342625
2022-12-02,13.196682316623363,10.519110283903448,15.668786507140828
2022-12-03,13.064608830228781,10.508232890212541,15.688149567321245
2022-12-04,13.102859417595493,10.669229984428286,15.576067469446892
2022-12-05,13.007998081285043,10.228574919101174,15.5765280780014
2022-12-06,13.021556467104585,10.438973435022909,15.367151741799299
2022-12-07,12.881545230385907,10.387309427527192,15.267430048824826
2022-12-08,12.81907337330587,10.25793705124337,15.285675440304509
2022-12-09,12.750041324980888,10.243370861600438,15.321867041812656
2022-12-10,12.606192691627012,10.013759664955128,15.201857110335364
2022-12-11,12.632796116236678,9.948884584622935,15.201189168431503
2022-12-12,12.527065392972037,9.89554975729729,15.081082297113396
2022-12-13,12.531176206800922,9.948673730175607,15.130923295091891
2022-12-14,12.383759566671777,9.839661542580759,15.005999156384835
2022-12-15,12.316503660206578,9.770145273050652,14.99622814628587
2022-12-16,12.245830387296047,9.789624481961747,14.810076830997561
2022-12-17,12.103931965399475,9.331483558634012,14.618279190595944
2022-12-18,12.136439478277033,9.415988400583625,14.756925418137298
2022-12-19,12.040831900065122,9.675117679216013,14.695725695585526
2022-12-20,12.059444295188937,9.531958553125456,14.668337033563159
2022-12-21,11.930955525897751,9.175384310583539,14.525015949381729
2022-12-22,11.886987384401618,9.531893444578039,14.247833774366704
2022-12-23,11.84378151550531,9.133848073283122,14.47364190628069
2022-12-24,11.733239546695916,9.294787960647794,14.181187701102726
2022-12-25,11.800598235650769,9.13318272135038,14.607206470130016
2022-12-26,11.74284802020887,9.057506161112247,14.261568935886128
2022-12-27,11.801753442463697,9.072716781009909,14.403330967985987
2022-12-28,11.715355473411059,9.320933085106617,14.350558689320058
2022-12-29,11.71458728088247,9.240284187796929,14.221826523459878
2022-12-30,11.71496937306621,9.136190083836444,14.256276644433564
2022-12-31,11.647669052967476,8.924411509834117,13.978313487673372
2023-01-01,11.757195476853203,9.36658525264993,14.580865953644158
2023-01-02,11.73983816330907,9.309153463986345,14.367811496576483
2023-01-03,11.836706879189848,9.173162072472685,14.53742706185195
2023-01-04,11.785252391382777,9.2385427872122,14.189439938964938
2023-01-05,11.815899112231754,9.137594896327872,14.315066281569914
2023-01-06,11.84375509292205,9.389073562236268,14.389371264825435
2023-01-07,11.79968387244438,9.366760904205123,14.26161867463816
2023-01-08,11.928009109789823,9.30891031066189,14.42449813461149
2023-01-09,11.92495955350494,9.312985760380181,14.630233175561738
2023-01-10,12.031712063814165,9.519120536637894,14.405682107651295
2023-01-11,11.985912053078993,9.324585155796246,14.812395773570465
2023-01-12,12.018302341266413,9.214472010155648,14.72010494533918
2023-01-13,12.044425943198998,9.457458546037559,14.58571506255549
2023-01-14,11.995687450343173,9.338325164465859,14.45717733969239
2023-01-15,12.117044179256688,9.625811084544797,14.638561678735439
2023-01-16,12.105434968653917,9.50043643880402,14.430614872323954
2023-01-17,12.20280474337306,9.638773950193217,14.874836058949718
2023-01-18,12.147604679043672,9.626519491480122,14.489061892448005
2023-01-19,12.171399485041269,9.515163047210738,15.026995798280117
2023-01-20,12.190547882686191,9.628260077426859,14.711303109162314
2023-01-21,12.137241526208769,9.647409555412505,14.664989241509218
2023-01-22,12.257174132429714,9.616133969833347,14.763275107919245
2023-01-23,12.247949288240822,9.757115664668273,14.677010002851718
2023-01-24,12.352085618868172,9.741608408519966,15.053591326086494
2023-01-25,12.308499677800356,9.86538907906093,15.12098948898404
2023-01-26,12.349098551208623,9.948147282555729,15.048910400972527
2023-01-27,12.390448664268924,9.810971501433773,14.918264579940814
2023-01-28,12.364806371353396,9.655379961196164,14.844299471430697
2023-01-29,12.517782345198313,9.960879053865325,15.099791305173971
2023-01-30,12.54674839100834,9.955775965263143,15.107057860273626
2023-01-31,12.693845428482074,10.197270996061492,15.195825710946938
2023-02-01,12.6974729637724,10.10791659461087,15.180508530438004
2023-02-02,12.7888919070848,10.365783972134814,15.365994119466658
2023-02-03,12.883906991170548,10.193350121071719,15.448361937289505
2023-02-04,12.913914051266747,10.240509617207536,15.466991396149808
2023-02-05,13.12358377908312,10.671085794145634,15.59313993401393
2023-02-06,13.209290103449973,10.603705720080399,15.699596685856205
2023-02-07,13.412141408714945,10.81467371782295,16.154091284891543
2023-02-08,13.469494336132879,11.070619708669449,16.04659253122414
2023-02-09,13.611581417337788,11.057625622444284,16.194308726804874
2023-02-10,13.753218174409401,11.278739956190293,16.134246623792276
2023-02-11,13.824874328381267,11.305315797745052,16.39640244177046
2023-02-12,14.070380128145743,11.626280292237377,16.80906556432214
2023-02-13,14.185375385430625,11.49473984478063,16.730373739787733
2023-02-14,14.410358908317185,11.83887378464802,17.085184281253213
2023-02-15,14.482217621699606,11.815444095874978,16.992704548446888
2023-02-16,14.63086624036597,11.959171726803186,17.354035354754863
2023-02-17,14.770962829112813,12.26841942539409,17.461096131076346
2023-02-18,14.832984682404774,12.295945352239613,17.2740047143075
2023-02-19,15.060935422219266,12.585198998277084,17.524913360168505
2023-02-20,15.15079088501455,12.596494380637605,17.613796473542077
2023-02-21,15.34354157416676,12.987935165329617,18.045702171749884
2023-02-22,15.376711146215046,12.748947411711299,17.90005551833674
2023-02-23,15.480982067498505,13.048422035996552,18.237146186668888
2023-02-24,15.571894130036894,12.93530452693179,18.24567546347018
2023-02-25,15.580900687575738,13.011486815869826,18.24100693667477
2023-02-26,15.753054001316396,13.201452718356672,18.219671577193445
2023-02-27,15.7854278066214,13.280500063119096,18.53771749459862
2023-02-28,15.920135452614078,13.388640050207073,18.644182805056392
2023-03-01,15.895823678737283,13.249694595657811,18.509907105925
2023-03-02,15.944273765309797,13.128290615672748,18.628736028647356
2023-03-03,15.982076336597917,13.540948388036727,18.458969371798553
2023-03-04,15.941665241223378,13.53195369226935,18.35075840964175
2023-03-05,16.06898242327789,13.22108660811479,18.691329484467566
2023-03-06,16.061882366256707,13.4073479875733,18.637249282038084
2023-03-07,16.163134867987083,13.615566499789741,18.763404873306982
2023-03-08,16.111906542647286,13.587754215159869,18.79602935740302
2023-03-09,16.14035303710097,13.395536661100461,18.687246582140954
2023-03-10,16.165288403042222,13.814692726591188,18.95202336436942
2023-03-11,16.119217122529307,13.45605468133439,18.616598600233107
2023-03-12,16.248000682279336,13.666262111177865,18.7607851469785
2023-03-13,16.249267171854342,13.746412645351224,18.782254623347452
2023-03-14,16.36542247217031,13.799567178510827,18.925118447429345
2023-03-15,16.33514316024775,13.875774868983388,18.943544880793542
2023-03-16,16.389982777156526,13.950442096500604,19.026172165739556
2023-03-17,16.44605750038868,13.840354700117093,19.003715451185283
2023-03-18,16.435096269499038,13.86292795387256,18.958422838180034
2023-03-19,16.60212677578186,13.92848560881577,19.15149118890106
2023-03-20,16.64390528406462,14.138916624314598,19.08713797035635
2023-03-21,16.80194833726312,14.365804874834964,19.47511874591251
2023-03-22,16.814045958847817,14.140336447934342,19.432271810694044
2023-03-23,16.910887507774234,14.264653448903816,19.435531712727986
2023-03-24,17.007765765676485,14.370711568314814,19.638303623758667
2023-03-25,17.03564388621689,14.322291417940793,19.689594754557476
2023-03-26,17.23885625102359,14.796661158992777,19.757906302051428
2023-03-27,17.31355089510033,14.693304088284357,19.90132753997464
2023-03-28,17.50073131489233,14.870631407922309,19.930700991901258
2023-03-29,17.537777109119375,14.911984996478207,20.10532652731154
2023-03-30,17.655074516852867,15.11027361203887,20.091897800098796
2023-03-31,17.767722417926525,15.238527125229524,20.3818770207313
2023-04-01,17.806598484569616,15.46511850333872,20.37942153462795
2023-04-02,18.01605665771961,15.349775535696285,20.674091125123454
2023-04-03,18.09236380431788,15.570007327222642,20.584668608769398
2023-04-04,18.27673361943258,15.77307740712953,20.73397343893508
2023-04-05,18.306837522469706,15.699690726685628,21.009622222600377
2023-04-06,18.41342394975955,15.844021440374199,20.937135346052944
2023-04-07,18.512011974389605,16.15395195117785,21.0635726825209
2023-04-08,18.53394432466385,16.10637925058582,21.10977073081913
2023-04-09,18.724071362422475,16.222496661769803,21.464921495005047
2023-04-10,18.77917425930003,16.206663467372497,21.40928100485828
2023-04-11,18.940985799692513,16.446457751148973,21.572035255843613
2023-04-12,18.947688897731815,16.460986048619013,21.61808817338524
2023-04-13,19.030524532685483,16.429668938779947,21.67394327370161
2023-04-14,19.105475292202158,16.626878402109615,21.69953309637474
2023-04-15,19.104309803500982,16.628698259873886,21.617784181810105
2023-04-16,19.272259768140778,16.760972151179065,21.793921245581764
2023-04-17,19.30643793568565,16.472852017579765,22.120016758361288
2023-04-18,19.448855484182495,16.86944565509568,22.08625291681474
2023-04-19,19.43791887659352,16.821053493314448,22.09756017493384
2023-04-20,19.505037824745767,16.962113503981715,22.09318871233156
2023-04-21,19.566310426820763,17.177543973043292,22.4464291934332
2023-04-22,19.5535705902818,17.04911611972228,22.09711003999329
2023-04-23,19.712069249746285,17.122373472752994,22.090538453161262
2023-04-24,19.738897479129527,17.115040321445424,22.285321816511395
2023-04-25,19.87600970880182,17.317635989739735,22.3831249484038
2023-04-26,19.86172684785527,17.407319477101435,22.44347214013173
2023-04-27,19.927350671502154,17.235277750485125,22.524802149130064
2023-04-28,19.988855274949007,17.287685201927633,22.704731756419957
2023-04-29,19.97794045672922,17.553697279845586,22.385724922785343
2023-04-30,20.139718316087933,17.511340194709252,22.730839011449376
2023-05-01,20.17114097016776,17.69535350377075,22.72193377868816
2023-05-02,20.314027445608627,17.892607972754735,22.9699056232987
2023-05-03,20.306569430855983,17.741974335309322,22.856467441765986
2023-05-04,20.379947181018068,17.664221187085467,22.87248630488779
2023-05-05,20.450021355875165,17.981934394731475,22.8383704176227
2023-05-06,20.448385680856628,17.804060933037892,23.058953084942043
2023-05-07,20.620051788585886,18.010175198958148,23.316329822552177
2023-05-08,20.661874262874832,18.148356137989676,23.196197408298108
2023-05-09,20.815574094686465,18.33079840388151,23.398251115477258
2023-05-10,20.819240424237627,18.14882007949017,23.40103577315005
2023-05-11,20.903942075163542,18.449452297440473,23.59870361272714
2023-05-12,20.985414893866967,18.365845020696742,23.841716841121464
2023-05-13,20.995110026539336,18.498130813068087,23.53386854203557
2023-05-14,21.177874735508876,18.573148387072333,23.73794725797869
2023-05-15,21.2303740134892,18.702159901393536,24.03496304273944
2023-05-16,21.39411142596807,18.778447245839573,23.894370703593893
2023-05-17,21.406929252510523,18.82559621301016,23.773150330984045
2023-05-18,21.49961959803117,18.86688082376436,24.08067977516787
2023-05-19,21.587612614378365,19.024222544237002,24.079735894526024
2023-05-20,21.60202704876999,18.951161701219622,24.39112594793269
2023-05-21,21.7873547577559,19.371317529334156,24.17488820948519
2023-05-22,21.83988743283096,19.207469215413084,24.516017461347555
2023-05-23,22.000743905168754,19.55505697603473,24.68061826671407
2023-05-24,22.007377987920833,19.43395790162636,24.753802465090352
2023-05-25,22.09019836756959,19.67021135607319,24.92923616854157
2023-05-26,22.164266481745376,19.699983134050076,24.86175866473089
2023-05-27,22.160357359042006,19.585538978629955,24.858390719314926
2023-05-28,22.32265478696568,19.876299155689203,24.876224227029265
2023-05-29,22.347188757710274,19.7756866140968,24.95903274626135
2023-05-30,22.474873247410585,19.981870921991625,25.14351481958363
2023-05-31,22.44302396918008,19.8745161346019,25.037636490399354
2023-06-01,22.481987296430134,19.73777428409257,24.889304243703705
2023-06-02,22.506845991518773,19.940211191508435,24.863682889398575
2023-06-03,22.448486434784716,20.020345149810698,24.9947116860564
2023-06-04,22.551298470291368,19.99536339564458,25.118223151465248
2023-06-05,22.511615606826055,19.892652804086083,24.98640145488704
2023-06-06,22.57075346429152,20.006442834733253,25.17390759249574
2023-06-07,22.466525991705282,19.895651752976693,25.174728632813448
2023-06-08,22.429870594991115,19.80214923115331,25.178243064767745
2023-06-09,22.37654780989694,19.973534373179756,25.159312194856437
2023-06-10,22.238200275186404,19.68880114618171,24.571379999748245
2023-06-11,22.260042241854833,19.728661496467282,24.95387312213555
2023-06-12,22.13928753347686,19.54596453456298,24.87364948541557
2023-06-13,22.118174077784637,19.656227037251018,24.663169279087317
2023-06-14,21.935464813729,19.297790765481054,24.605399474369303
2023-06-15,21.823056431612457,19.104528667018094,24.3464738406762
2023-06-16,21.697661934529947,19.199544069211417,24.222864935775487
2023-06-17,21.491852153772076,18.935927459499368,23.951789330149577
2023-06-18,21.451727846438214,18.887160805140724,24.050022412156125
2023-06-19,21.27533068776518,18.721460922944335,23.792625217083806
2023-06-20,21.205651670284666,18.67111397263834,23.735971075972923
2023-06-21,20.98211709050321,18.41442459011776,23.489421733212687
2023-06-22,20.837183931751284,18.10570263676181,23.458633294899553
2023-06-23,20.688010947944644,18.010958199744806,23.255223539927098
2023-06-24,20.467490854611768,18.048859367804454,23.146854485415187
2023-06-25,20.421915479179436,17.857780605193863,23.128199544785378
2023-06-26,20.249382351030633,17.60293110249145,22.702712125097783
2023-06-27,20.19280135135593,17.864327845584434,22.656115358584685
2023-06-28,19.991381648616425,17.500838056403435,22.611675648815307
2023-06-29,19.877230709486728,17.296389806278018,22.447933022212187
2023-06-30,19.767031608023082,17.054755295681918,22.395573578116455
2023-07-01,19.59308389644257,16.764052931657265,22.029203542595646
2023-07-02,19.60097968947017,17.05504103054707,22.19792848319563
2023-07-03,19.488023191007876,16.913233459706138,22.24017694869929
2023-07-04,19.49625198638774,16.764491638649194,22.019030706488127
2023-07-05,19.363939992009715,16.781485315643952,21.836232186779146
2023-07-06,19.32221348975685,16.644565698664774,21.89932460212804
2023-07-07,19.28674608730242,16.70173173766163,22.114562858432073
2023-07-08,19.188817476748106,16.449058620608163,21.65098100417357
2023-07-09,19.27300725315048,16.943776491049398,21.960226362508863
2023-07-10,19.235631641632548,16.737481799640555,21.863666774527886
2023-07-11,19.317781095947964,16.93148984527879,21.84721095449248
2023-07-12,19.256838328291742,16.60321293099857,21.938373004324358
2023-07-13,19.28310790190846,16.777942187867872,21.788103509118372
2023-07-14,19.311522974678542,16.702934331331118,21.85796993455161
2023-07-15,19.272713861515008,17.0020631790893,21.885227048885614
2023-07-16,19.410709524961245,16.70867370260585,21.990105009759606
2023-07-17,19.421379745515225,17.003296790216215,22.096563114414813
2023-07-18,19.545475893454878,17.066155059201428,22.052927887625103
2023-07-19,19.520149876491693,16.928577856615004,22.02025556883795
2023-07-20,19.575582463014463,17.101223345948984,22.170818234847875
2023-07-21,19.62668668765551,16.895136509920402,22.253861983259544
2023-07-22,19.60417117128762,16.987625860490827,22.412823935762784
2023-07-23,19.75223466910056,17.26633278640073,22.544104770060805
2023-07-24,19.766999835856215,17.24918756464564,22.6257506285553
2023-07-25,19.88954439357329,17.289416230669016,22.644843867816586
2023-07-26,19.8574095574638,17.322202822274726,22.476451093402684
2023-07-27,19.901217211231202,17.396289780951403,22.37501510355499
2023-07-28,19.93636183148196,17.38502568862028,22.4624412982094
2023-07-29,19.894062280104954,17.306640293733686,22.549371747013275
2023-07-30,20.019045051181305,17.361187482253143,22.548302175483556
2023-07-31,20.007967213775434,17.62430729459271,22.51465535330334
2023-08-01,20.102437461369945,17.723126194948314,22.85571429003284
2023-08-02,20.04051531750158,17.719555443329103,22.551657720276523
2023-08-03,20.05332014671571,17.618147134943566,22.620926862254144
2023-08-04,20.0567160901265,17.33428920335045,22.52024148340877
2023-08-05,19.982358123970418,17.255289844574268,22.57242570818341
2023-08-06,20.075370867051223,17.43748857502321,22.571418736558318
2023-08-07,20.0327683784514,17.404522340645002,22.475386470096616
2023-08-08,20.096473319198996,17.52608241810083,22.5261721544795
2023-08-09,20.004815456397342,17.595856700979873,22.754225121881262
2023-08-10,19.989141058059218,17.519897797063532,22.666045189198528
2023-08-11,19.965499172084368,17.32874277776695,22.558284498070314
2023-08-12,19.865689842444056,17.424479189807077,22.434123890562752
2023-08-14,19.87035520934631,17.31706964778169,22.557838705120517
2023-08-15,19.913885157803143,17.436151530462887,22.622928757363425
2023-08-16,19.80388323398819,17.312251184487423,22.502138593145965
2023-08-17,19.77169105779971,17.273595022305486,22.432121986475806
2023-08-18,19.73333413568802,17.26245432330413,22.261569590005948
2023-08-19,19.620573467547647,16.983359929885264,22.100734438744293
2023-08-20,19.678590203721015,17.040613715078557,22.227280494293396
2023-08-21,19.604411353734562,17.057759780292393,22.14989671041385
2023-08-22,19.639934705295957,16.934241566005216,22.278109057335794
2023-08-23,19.523432747838704,16.787529363251178,22.1183477774807
2023-08-24,19.48616700040255,16.883158556612315,21.968049666436986
2023-08-25,19.44407862801011,16.915955232279316,22.119790291074633
2023-08-26,19.328840331223205,16.8336932515781,22.00790601232253
2023-08-27,19.385540948499106,16.830315865020324,22.14113120400034
2023-08-28,19.311110858527584,16.708262238211844,21.789734273543598
2023-08-29,19.347346437238127,16.75772701177975,21.91574396039389
2023-08-30,19.23241346577228,16.697151433022846,21.855184111089205
2023-08-31,19.197460992267864,16.84785330780847,21.79442320584041
2023-09-01,19.15831163084235,16.553556803027263,21.89682728303767
2023-09-02,19.046513373266023,16.44536092385904,21.623323564197435
2023-09-03,19.1070244310244,16.56477217628542,21.86120127860198
2023-09-04,19.036639256631222,16.300417365377356,21.646061201026814
2023-09-05,19.07701404103793,16.35282311275311,21.454976636974752
2023-09-06,18.966171603833573,16.338901592186502,21.45261109750211
2023-09-07,18.935117176276197,16.457210990838128,21.41120835944306
2023-09-08,18.899531034062772,16.4019071258359,21.42751504951343
2023-09-09,18.790823005603457,16.280163508676374,21.377120220798762
2023-09-10,18.853820301956738,16.15690025937976,21.49388782143702
2023-09-11,18.785196726170362,16.365596454039853,21.259382892812603
2023-09-12,18.826501451322798,16.22955129113227,21.376239804292357
2023-09-13,18.715667163771013,16.188030741250692,21.201267771400207
2023-09-14,18.683628943247076,16.415280895933815,21.297814218467888
2023-09-15,18.64601970490765,16.12659850187288,21.27338299998785
2023-09-16,18.5342270990369,16.020086998018396,20.940649467080288
2023-09-17,18.593083191380185,16.084030951980225,21.10611446984387
2023-09-18,18.519294870681975,15.939456911002786,21.038263754760607
2023-09-19,18.55447307832926,15.857044118855056,21.268469647522448
2023-09-20,18.43664058335833,15.904326741394952,21.10674831499222
2023-09-21,18.39684962605132,15.680920235642022,20.800230803360837
2023-09-22,18.350875234616165,15.765683110384167,20.89279570518929
2023-09-23,18.23026911986817,15.56815148769403,20.84307262240023
2023-09-24,18.280045511017928,15.667894610805568,20.948584799520347
2023-09-25,18.197106950190893,15.666188475611431,20.702325774984654
2023-09-26,18.22326824149876,15.673301809058536,20.85121578841445
2023-09-27,18.096758406588226,15.57968605355401,20.76600548210242
2023-09-28,18.04883212316653,15.28979864569037,20.495674659351863
2023-09-29,17.995456624788165,15.475340387081049,20.489581866967317
2023-09-30,17.86835915620971,15.341634527790818,20.38426827773173
2023-10-01,17.912706546824626,15.450642625240828,20.51748785063092
2023-10-02,17.825525123043384,15.141269233493516,20.466271751774947
2023-10-03,17.84871935613418,15.312610640106703,20.40834199157218
2023-10-04,17.720569288919055,15.144641628897713,20.354117209375758
2023-10-05,17.672338393626877,15.047172265349968,20.116317398443094
2023-10-06,17.619957993051283,15.129853104728623,20.239752845241274
2023-10-07,17.495073465571622,14.945541907796745,19.859536737814576
2023-10-08,17.542723890119753,15.02008677036755,20.09679962762382
2023-10-09,17.459763408764815,14.985683085736891,20.096600996235072
2023-10-10,17.487882720298607,14.943722931555468,19.99610690036302
2023-10-11,17.365110723268714,14.756888095295968,19.927452423677078
2023-10-12,17.322427893221672,14.731701061395329,19.98148384166253
2023-10-13,17.275457416850973,14.868756190896805,19.94157291206602
2023-10-14,17.15551915409741,14.57235642031955,19.61287368387484
2023-10-15,17.207317897989373,14.822167627439114,19.812106612048872
2023-10-16,17.127373991222363,14.514038384252386,19.499143213376705
2023-10-17,17.157054467386196,14.453615201273696,19.58394783055528
2023-10-18,17.03408446955187,14.376971842925784,19.66944531415695
2023-10-19,16.989170252318065,14.393652555080768,19.599713016774633
2023-10-20,16.937699506348213,14.428081038482997,19.617923180573953
2023-10-21,16.810803796101876,14.193841403353145,19.17989842591632
2023-10-22,16.85305431192343,14.225080895475392,19.31092886419898
2023-10-23,16.760898746888817,14.055163336902254,19.297494404977922
2023-10-24,16.775697245662787,14.189181826833668,19.385144552207603
2023-10-25,16.635236992636216,14.084949075218642,19.182256959068507
2023-10-26,16.570356601649095,13.976274809568434,19.05929183123226
2023-10-27,16.496645949523703,13.948503428744704,18.803441211677985
2023-10-28,16.345506198390193,13.810614087102465,18.791615842264694
2023-10-29,16.361841215997973,13.953674621206996,19.022681551703986
2023-10-30,16.242488267389586,13.624555558214587,18.93009196082196
2023-10-31,16.229246042661607,13.752238367805125,18.967260699278118
2023-11-01,16.06037975805109,13.55358612565578,18.842945152457247
2023-11-02,15.967234711500291,13.418758101286189,18.34967328646631
2023-11-03,15.865924197551186,13.401462327124223,18.456977123130223
2023-11-04,15.688376826444207,13.046829571633962,18.36796252794171
2023-11-05,15.680014786096379,13.144442837974115,18.25835381440361
2023-11-06,15.53817127059815,13.069095185679485,18.04290066718434
2023-11-07,15.505105501546682,13.199757020847423,18.191897573823876
2023-11-08,15.31949544225915,12.727491878424487,17.96627643849532
2023-11-09,15.21303993979339,12.65247807754564,17.79195074056254
2023-11-10,15.102136534096061,12.265285878167566,17.68467216930588
2023-11-11,14.91892028446044,12.506102029140465,17.592084571090567
2023-11-12,14.908935418830803,12.112333676886287,17.474496427991564
2023-11-13,14.769548249731681,12.239441867090813,17.544084682635006
2023-11-14,14.742959949376313,12.284057261635004,17.269612208228676
2023-11-15,14.567699390618206,11.899538715871122,17.013091599815176
2023-11-16,14.475227831518227,11.831430308028533,16.97903146347195
2023-11-17,14.381621659531303,11.679614328095369,16.919700664698205
2023-11-18,14.218618455445393,11.541367852290817,16.814579427209445
2023-11-19,14.231298027142604,11.541769926137977,16.727537079657896
2023-11-20,14.116506639305587,11.790179858793634,16.821668225102822
2023-11-21,14.115882756753788,11.67885063921618,16.68771562563194
2023-11-22,13.967364182744703,11.197143727069621,16.590360060658796
2023-11-23,13.901808002466803,11.24836782555358,16.515594727031452
2023-11-24,13.834689147540951,11.245610725624488,16.503352368903865
2023-11-25,13.697162419484092,10.98288007746912,16.425203747934532
2023-11-26,13.733759189494863,11.298492569417142,16.13577676839603
2023-11-27,13.640826569310988,11.34918323577676,16.268449532391877
2023-11-28,13.659566952879143,11.068908026889956,16.066758837319917
2023-11-29,13.527557417474867,11.004003650991116,16.0206398906867
2023-11-30,13.47538003837671,11.031959002560356,16.08245922337857
2023-12-01,13.418328623807925,10.865252295754466,16.040312400733313
2023-12-02,13.287476455298474,10.732812379107244,15.827245242265388
2023-12-03,13.327376062131364,10.808794590149542,15.743635074758187
2023-12-04,13.234498706208605,10.670613140209104,15.853410561691804
2023-12-05,13.250271433154165,10.525506124033274,15.805659593560495
2023-12-06,13.112591211118483,10.534558739566465,15.575015967985868
2023-12-07,13.052447321040269,10.39650152307144,15.732063899389033
2023-12-08,12.985617689567214,10.481999305647866,15.463694099615372
2023-12-09,12.843724004878105,10.444868870781104,15.490474557887032
2023-12-10,12.871916963689383,10.497355900468825,15.483743729988142
2023-12-11,12.76729970177707,10.328693569198306,15.168680048411023
2023-12-12,12.77194768655541,10.201558328437287,15.394725741346944
2023-12-13,12.624405051447205,10.15359406070925,15.052041288696179
2023-12-14,12.556289017386224,9.825393451386315,15.325464932098718
2023-12-15,12.483968584466538,9.672487345430486,15.13638210756158
2023-12-16,12.339602822580153,9.929508212254108,14.772682434009381
2023-12-17,12.368810581108196,9.747934555489104,14.82428903673572
2023-12-18,12.269080111786828,9.703298217569243,14.799018736291695
2023-12-19,12.282777282479765,9.69463141671285,14.666511736732783
2023-12-20,12.148632706727286,9.694364790317787,14.783329160039248
2023-12-21,12.09833971534209,9.598067049757415,14.44749606928402
2023-12-22,12.048229561328906,9.433672504211932,14.436657224047812
2023-12-23,11.930309316061148,9.257841427291439,14.445661397153184
2023-12-24,11.989934322247503,9.440918531762142,14.375850217138463
2023-12-25,11.924223657561605,9.191740340875906,14.439434789298012
2023-12-26,11.975077160855246,9.385986153628842,14.720316562967136
2023-12-27,11.880674137067935,9.39685437336961,14.394703176965164
2023-12-28,11.872085380247757,9.196472863410706,14.328556807971445
2023-12-29,11.86496454810737,9.38247110012802,14.334085979972691
2023-12-30,11.790603926297013,9.21904739042521,14.355639734208669
2023-12-31,11.893625977188531,9.302380556156274,14.346621830185239
2024-01-01,11.870418617673707,9.304982074147413,14.185519312855256
2024-01-02,11.962172243539628,9.606867893513767,14.614046283353726
2024-01-03,11.90639807149762,9.491117498805057,14.486949357866255
2024-01-04,11.933558897406854,9.33224613655137,14.503581679671212
2024-01-05,11.95877778221633,9.526126660308131,14.382140569843346
2024-01-06,11.91290921529103,9.482666269786181,14.303410137033776
2024-01-07,12.040243708423187,9.451906591201535,14.607912781954266
2024-01-08,12.036953383001162,9.451094089260774,14.617575859516766
2024-01-09,12.1441362562925,9.611432289072042,14.89202352706554
2024-01-10,12.099338565793996,9.340035235743201,14.56463625281073
2024-01-11,12.133186084581247,9.713815654031977,14.40329681210528
2024-01-12,12.161089884767962,9.344093953436811,14.813125278560484
2024-01-13,12.114311137774054,9.469207780295104,14.733695813790904
2024-01-14,12.237656036909797,9.656196700546287,14.876279805880806
2024-01-15,12.227908627343261,9.680436382304423,14.735435374276538
2024-01-16,12.32685955706624,9.755891135008751,14.858736813580991
2024-01-17,12.272810472973097,9.701575614477772,14.623692305773318
2024-01-18,12.297185467836059,9.420620028084658,14.787653467878009
2024-01-19,12.316215544202262,9.718575094378517,14.870512429916808
2024-01-20,12.261981235625825,9.671538963720996,14.76221417415086
2024-01-21,12.380085050782961,9.784188922372905,15.172723139155575
2024-01-22,12.368062118582188,9.856557742342432,14.943556002890542
2024-01-23,12.468387638172615,9.900434529113662,15.136886893562753
2024-01-24,12.41996142970875,9.975934765211738,14.954256420181169
2024-01-25,12.45470152953779,10.089687634272623,15.110939726076884
2024-01-26,12.489213285289114,10.044584533206473,15.048509407038726
2024-01-27,12.455819519072096,9.872037362426937,15.036221684604323
2024-01-28,12.600223778711953,10.102577768742464,15.341950289972122
2024-01-29,12.61991532637298,10.16831484572041,15.03122680189483
2024-01-30,12.757174648942751,10.262329571138812,15.333436504017717
2024-01-31,12.750559870544508,10.250069900279362,15.523035008049407
2024-02-01,12.831505996744546,10.225298526557468,15.275255371931197
2024-02-02,12.916003333168298,10.313933354209603,15.728404108751487
2024-02-03,12.935640437877382,10.40828063953469,15.438980437273234
2024-02-04,13.135283327699446,10.69155925414065,15.699551911253563
2024-02-05,13.211499204699985,10.556727521119097,15.95092939555707
2024-02-06,13.405583030484054,10.792653552100347,15.797117540684692
2024-02-07,13.455066810190473,10.73092956470912,15.831933492163287
2024-02-08,13.590342948831488,11.070987768191753,16.200588612870316
2024-02-09,13.726367422088025,11.26196861722818,16.33303301411134
2024-02-10,13.793727502199124,11.086322048679033,16.30904366747835
2024-02-11,14.036345138394207,11.392743847293715,16.561051080419432
2024-02-12,14.14992365142462,11.656379266429665,16.747834807893945
2024-02-13,14.374995493087539,11.749762166616003,16.92207055044617
2024-02-14,14.448450400602596,11.824195796327135,16.95463236512627
2024-02-15,14.600174835026678,12.146446553169984,17.320205649170585
2024-02-16,14.744768043062804,12.246574610337976,17.384176602826532
2024-02-17,14.812619161164138,12.20315020393602,17.21845525267127
2024-02-18,15.047616228778523,12.42232104055894,17.634403887946615
2024-02-19,15.145594632630882,12.732117423777229,17.773946803584128
2024-02-20,15.34738269343299,12.738270993400088,18.090101664377784
2024-02-21,15.390323784267673,12.831542491927923,17.888667261271067
2024-02-22,15.504906026120093,12.872685269499753,18.10487977602047
2024-02-23,15.606465148679778,12.878874655186578,18.133652694743443
2024-02-24,15.6262452697081,13.133546255181479,18.200827323004653
2024-02-25,15.809088870719975,13.157454960684321,18.32602590963473
2024-02-26,15.851863967314326,13.267763495219533,18.54276504146818
2024-02-27,15.996486714824357,13.64065012258335,18.68935824134707
2024-02-28,15.981419406680201,13.511119471881546,18.488962298715556
2024-02-29,16.038275503093253,13.629918959817545,18.795665962720623
2024-03-01,16.083497878914322,13.433445957263272,18.585093434278647
2024-03-02,16.049395637749452,13.494819433315351,18.598270194559042
2024-03-03,16.181811341802096,13.671714250373643,18.783596594329072
2024-03-04,16.178527190912895,13.488277633800905,18.77280092577281
2024-03-05,16.28226887668898,13.630972490818525,18.828544975631026
2024-03-06,16.232187492496646,13.735280805652856,18.855087080890588
2024-03-07,16.260451488307904,13.83498099694931,18.919851568328017
2024-03-08,16.283915130508536,13.731390785538336,18.920149297290987
2024-03-09,16.235148998881893,13.736890489492456,18.771708471180617
2024-03-10,16.36010446572416,13.785722606006699,18.86787535777485
2024-03-11,16.35652069515743,13.71207959746541,18.79725365844717
2024-03-12,16.4669328034984,13.735964157456166,19.129549825050724
2024-03-13,16.43016139039526,14.004441943049308,18.989057321449177
2024-03-14,16.477915178440853,14.042316698038642,19.162046235015335
2024-03-15,16.526472897735072,14.00559969583513,19.257378918500276
2024-03-16,16.507729561333658,13.952715870876778,19.209809440383022
2024-03-17,16.66687863874994,14.02926949353066,19.336467325736205
2024-03-18,16.700838188723225,14.178931440448366,19.16890865900357
2024-03-19,16.851279089393504,14.189645931415164,19.229242011559993
2024-03-20,16.85613506068279,14.324850842984148,19.479528269862755
2024-03-21,16.946225703312585,14.265733221036868,19.47221074490848
2024-03-22,17.036958192706752,14.334881579292315,19.564036515510537
2024-03-23,17.059392303426776,14.483520441665789,19.71355472067779
2024-03-24,17.257939840713416,14.90685434408996,19.925067295645178
2024-04-01,18.104885758161792,15.299927228668327,20.705885194706777
2024-04-02,18.291865727910672,15.723207826531816,20.825027544055537
2024-04-03,18.325117165873984,15.858133731745138,20.785478139799523
2024-04-04,18.435295461975965,15.791738571998463,21.047011674684494
2024-04-05,18.53782328433122,15.950296117641253,21.133517692116826
2024-04-06,18.563946074469417,15.885206851223897,21.28275532089541
2024-04-07,18.75841836809164,16.09691390525694,21.286552623543287
2024-04-08,18.817929121706047,16.254713041883825,21.320353697303826
2024-04-09,18.98412442436569,16.51533949342503,21.704026545240236
2024-04-10,18.995107641622695,16.330404280963034,21.486155887968568
2024-04-11,19.08204866621383,16.492652114689015,21.741050082053803
2024-04-12,19.160868445811804,16.702451189138642,21.837853792900965
2024-04-13,19.163284059903607,16.245448914375515,21.537609762902648
2024-04-14,19.334486064290044,16.540719481238373,22.041178816912513
2024-04-15,19.37155645186278,16.737354398485586,21.906920641359676
2024-04-16,19.51648572056924,17.08353812222333,21.97571625155903
2024-04-17,19.5076691493463,16.911147895398265,22.15682074581857
2024-04-18,19.576513952533613,17.17384605379186,22.076514233772194
2024-04-19,19.63912342357699,16.94970662566595,22.10918917618218
2024-04-20,19.62734322885976,17.25559449355416,22.244949185342495
2024-04-21,19.786441412537222,17.199606324444645,22.370026752194885
2024-04-22,19.81353026367923,17.407361205496585,22.453408447642865
2024-04-23,19.950588307306333,17.438905625709722,22.616643661979264
2024-04-24,19.935962267372656,17.386614087681615,22.520423925337596
2024-04-25,20.000980405246867,17.268863912641034,22.66816347790036
2024-04-26,20.061643072696032,17.475325508658184,22.752633128611134
2024-04-27,20.04967537297116,17.506363276898657,22.670602427166127
2024-04-28,20.210213237191592,17.68272836097084,22.677627125500567
2024-04-30,20.381567384024525,17.62823074519936,22.880951864951424
2024-05-01,20.372433025194656,17.90351981488552,22.993158855078622
2024-05-02,20.444025067731296,17.947240535131492,22.975787684823008
2024-05-03,20.512220337976206,18.004477893601575,22.976549296716442
2024-05-04,20.508628507980593,17.927334319353868,23.147281518981927
2024-05-05,20.67827772108756,18.103627967640904,23.18132149805291
2024-05-06,20.718040496556803,18.10655684201665,23.219112980519547
2024-05-07,20.869658078505122,18.39167558659674,23.53078492045521
2024-05-08,20.871243056912398,18.3081361516312,23.446457199390167
2024-05-09,20.95389171972651,18.151195400088383,23.3820305446262
2024-05-10,21.033372103475166,18.516079925125748,23.57385582579238
2024-05-11,21.041172831978056,18.420045673936198,23.703468821205092
2024-05-12,21.222184306313356,18.47499619586192,23.62286144777534
2024-05-13,21.273120471932327,18.83609771173478,23.78425589493397
2024-05-14,21.43553956753197,18.78342010307018,24.076532715109572
2024-05-15,21.44734390893666,18.718901973208286,23.837470617821246
2024-05-16,21.539390370379415,18.924470252545337,24.27432770113118
2024-05-17,21.627177704243003,18.93539210157177,24.37782580259797
2024-05-18,21.641895926075552,18.971366147392466,24.297145859873236
2024-05-19,21.828109423318555,19.25733312295566,24.352953907372683
2024-05-20,21.88218206269512,19.37124757905686,24.39777568822612
2024-05-21,22.045302700927262,19.513046939058917,24.610921186165864
2024-05-22,22.05499110184036,19.55750696102829,24.654748436008138
2024-05-23,22.14171582214756,19.464356299410635,24.71364232833579
2024-05-24,22.220590058908876,19.506887069102532,24.76534728895121
2024-05-25,22.222430492954047,19.650712471294725,24.566744998593755
2024-05-26,22.39145055464548,19.722319923014282,24.95877477127368
2024-05-27,22.423696121594375,19.66410836041924,25.141500249369543
2024-05-28,22.560081761783668,19.93400312514062,25.2019143703334
2024-05-29,22.537907216338322,20.0209090682237,25.140254791486843
2024-05-30,22.58748536681219,19.85994176560917,24.889024360178954
2024-05-31,22.623847363305167,20.11403788991081,24.957740691997554
2024-06-01,22.577809641307958,20.16909101000174,24.982534156108223
2024-06-02,22.693673966843672,20.365451104123977,25.215643762813723
2024-06-03,22.667668261273676,20.191500601494397,25.19778643284344
2024-06-04,22.74098609769225,20.196743792530324,25.243366446265313
2024-06-05,22.651304385648494,20.214592258521858,25.224185516020835
2024-06-06,22.629410361642957,19.963978722399702,25.119134527368622
2024-06-07,22.590903489138704,19.911834201353926,25.146095096840238
2024-06-08,22.46725698142763,19.788032967896356,25.24087049794834
2024-06-09,22.503510132062033,20.094428243544314,25.225345589494424
2024-06-10,22.396699308926163,19.888737453044115,24.9293683694837
2024-06-11,22.388885666456318,19.565422755561244,24.756999258266664
2024-06-12,22.218659309801993,19.648025496002838,24.881412829730664
2024-06-13,22.117751294957394,19.672368303375556,24.699248510002707
2024-06-14,22.002719378375488,19.57530016747333,24.55779376031289
2024-06-15,21.80599257472069,19.27583793593857,24.2013347693626
2024-06-16,21.77354607970908,19.17378043919059,24.30299473769911
2024-06-17,21.603314803790305,19.118467823307657,24.28189392859716
2024-06-18,21.538203968317447,19.043973164405028,24.163560878178433
2024-06-19,21.317576892314868,18.66199412254699,23.817572790054992
2024-06-20,21.173851735152034,18.591058784989876,23.790599695509655
2024-06-21,21.024173466930097,18.672454111141047,23.491175271987824
2024-06-22,20.801446451191307,18.1138296570147,23.335589339505496
2024-06-23,20.751999482017315,18.372341047230762,23.242053780906087
2024-06-24,20.573991758111873,17.98914954817801,22.87932269161025
2024-06-25,20.510418427907908,17.898211926664185,22.98035574052542
2024-06-26,20.30059595707732,17.842701735944708,22.74914009930658
2024-06-27,20.17675914472755,17.67697351759957,22.59986369208777
2024-06-28,20.055736057295526,17.498510548404457,22.771689505052517
2024-06-29,19.86998619841427,17.43550482814456,22.613256501678546
2024-06-30,19.86527362878318,17.16896279527686,22.498300703793547
2024-07-01,19.73908333241621,17.16305072383893,22.222774616491886
2024-07-02,19.73363922391694,17.065772241871592,22.320478153131447
2024-07-03,19.587403761940294,16.94868108740606,22.2947169504774
2024-07-04,19.531690669651198,16.875979060259798,21.942389725862878
2024-07-05,19.482356674955568,16.864757175276353,22.005598466524166
2024-07-06,19.370857211051494,16.802396679934805,21.951084188835843
2024-07-07,19.441937401764218,16.948760163454804,22.030384573246508
2024-07-08,19.392066236595653,16.847426097275743,22.06123950969772
2024-07-09,19.46247194658228,17.064038738541107,21.98276938749144
2024-07-10,19.390658179979663,16.941073144801152,21.90794234363973
2024-07-11,19.407032138695477,16.8470450806749,22.030287742594215
2024-07-12,19.426610282707774,16.88044239862305,22.008967647217084
2024-07-13,19.380086278766626,16.84335529385772,22.0186500729247
2024-07-14,19.511532300741823,16.970184645447684,21.996266736399534
2024-07-15,19.51684142095294,16.934211006684876,22.04485912351595
2024-07-16,19.636768992501693,17.07668856091375,22.150794919552837
2024-07-17,19.608452566492087,17.184040914866053,22.488084281131957
2024-07-18,19.66204150581989,17.107893711511906,22.21926251932642
2024-07-19,19.712401957806133,17.01873738899736,22.30392888775233
2024-07-20,19.690181968341665,16.964378782196793,21.953292527120098
2024-07-21,19.8395079982337,17.26222085573746,22.44323501449736
2024-07-22,19.85642077595133,17.24174427092605,22.326084021057216
2024-07-23,19.981908616706026,17.286292288433916,22.5528048108793
2024-07-24,19.953418009474085,17.531124146759748,22.460776674154005
2024-07-25,20.001472911393275,17.20717908173881,22.531854049327727
2024-07-26,20.0413687014628,17.34775147979781,22.59788801412494
2024-07-27,20.004225869579507,17.340520285999006,22.646659056954025
2024-07-28,20.13467499062844,17.624687804704447,22.952242849930123
2024-07-29,20.129281194885166,17.560403202482426,22.697484403077826
2024-07-30,20.229566522677036,17.746089992645377,22.690838619135878
2024-07-31,20.173510197619567,17.384851339487696,22.674410862916645
2024-08-01,20.19215845996079,17.540604496354792,22.83146830990917
2024-08-02,20.201310079207772,17.755338023213902,22.8351053680201
2024-08-03,20.132562751395543,17.456383839972677,22.763301220512453
2024-08-04,20.23099202035629,17.716192874887042,22.795566039539654
2024-08-05,20.19357098354962,17.672163361259457,22.65154375176209
2024-08-06,20.262189180123485,17.657874150813466,22.921986274299964
2024-08-07,20.175150667449937,17.609082737536475,22.763692097460304
2024-08-08,20.16378286477141,17.719347922551446,22.52583164461237
2024-08-09,20.144122189268145,17.834228201501357,22.831239562363276
2024-08-10,20.04796156982757,17.603419111823804,22.78581143164656
2024-08-11,20.120531336857216,17.271731491260432,22.742295012946293
2024-08-12,20.05892159260494,17.55365133479659,22.70963600489971
2024-08-13,20.105104294445063,17.52006205832344,22.62065093460281
2024-08-14,19.997434889192995,17.314300786668987,22.600073395434176
2024-08-15,19.96726491179414,17.44212169974208,22.511285236760653
2024-08-16,19.930631416939892,17.247223022676575,22.438667345521463
2024-08-17,19.819308185664344,17.178795458180268,22.40842496321159
2024-08-18,19.878490079988133,17.325158181063614,22.513394013862424
2024-08-19,19.805218546292668,17.149719323843897,22.31187389434536
2024-08-20,19.841406420282848,17.347008232254897,22.585107777303914
2024-08-21,19.72534181785637,17.03462045416315,22.593667293903025
2024-08-22,19.68830249802299,17.029195677539857,22.229095016549913
2024-08-23,19.646246565430893,17.112171856114685,22.193931621688275
2024-08-24,19.53086447846885,16.92250048639065,22.20768949940075
2024-08-25,19.587263782611522,17.10500047917943,22.08437369036039
2024-08-26,19.512394635960717,17.002537243243022,21.950524146194734
2024-08-27,19.54807436207218,17.237994271495857,22.158692338348526
2024-08-28,19.432490908312555,16.894561180134975,22.049164764657053
2024-08-29,19.396816696900196,16.90133100465376,22.028222179596444
2024-08-30,19.35689883942987,16.65005529268023,22.01569578744892
2024-08-31,19.244310781490498,16.654679243636963,21.810877723889913
2024-09-01,19.304036890361285,16.983436448392197,21.87647351788981
2024-09-02,19.232898134383994,16.702097177738857,21.895819164122265
2024-09-03,19.27257715518645,16.6587747575866,21.81545834682109
2024-09-04,19.16112265829173,16.578903308560278,21.550545420853286
2024-09-05,19.129564635269855,16.675365695734694,21.6697560567152
2024-09-06,19.0936063913168,16.696064221070564,21.715429945747797
2024-09-07,18.98467842429013,16.406628651206073,21.56347048205762
2024-09-08,19.047625624192108,16.717271485690883,21.80277240363853
2024-09-09,18.979135875421655,16.418244140821756,21.604046110459752
2024-09-10,19.020768276486614,16.495820236443116,21.59257028507704
2024-09-11,18.91046079893996,16.115326312829353,21.708176399541504
2024-09-12,18.879148781273685,16.300299329285732,21.374762142333452
2024-09-13,18.842460104864173,16.346814302133183,21.315035796114397
2024-09-14,18.731771966588113,16.12863880388923,21.227962149008246
2024-09-15,18.791900586098848,16.128579135016736,21.314820567564617
2024-09-16,18.719531804713142,16.14687338116986,21.31653480743397
2024-09-17,18.75625067595313,16.168402921015144,21.531039157348793
2024-09-18,18.640049770494613,16.012229106925336,21.241390267055646
2024-09-19,18.601947512346655,16.091661262335386,21.13554919986455
2024-09-20,18.557682338422318,16.026152878591517,21.01242095181212
2024-09-21,18.43876756833036,15.840668240376274,20.861094020966423
2024-09-22,18.490178323996254,15.894896969566556,21.006977601885428
2024-09-23,18.408778488420975,15.985075625918885,21.106576505204696
2024-09-24,18.436345867001236,15.952822661017136,20.899304049513592
2024-09-25,18.31107536776799,15.932599350054709,20.948629365445846
2024-09-26,18.264191639359698,15.551497917386742,20.868451505454882
2024-09-27,18.211637106357525,15.720197219479084,20.719120697071702
2024-09-28,18.08512045789711,15.53541574877906,20.78310445850003
2024-09-29,18.129797115172032,15.628387183222749,20.4725048446255
2024-09-30,18.04268986458044,15.430890157879585,20.6349353018276
2024-10-01,18.065708022827174,15.557071854118801,20.579709560549308
2024-10-02,17.937145152281012,15.350887340053985,20.601898867485136
2024-10-03,17.888286959796503,15.224137692397035,20.59002380073084
2024-10-04,17.83509549894829,15.331094802873304,20.439469822463142
2024-10-05,17.709254891497356,15.025777231982609,20.05815727747481
2024-10-06,17.75585022735975,15.079756328810689,20.307704303351127
2024-10-07,17.67178793199612,14.97224724955344,20.274156802818815
2024-10-08,17.698816033863316,15.08687971094512,20.330142695451638
2024-10-09,17.575024377318798,15.012005807316237,20.16678648381664
2024-10-10,17.531456399795918,15.065049043411905,20.159302259483297
2024-10-11,17.48379853631556,14.873079358639238,20.178908598944965
2024-10-12,17.36343236803754,14.894014345682246,19.95726223100011
2024-10-13,17.4151210343806,14.769452782088681,19.97278262477451
2024-10-14,17.33543802016115,14.624336412688567,19.712117369910782
2024-10-15,17.365796539329956,14.828669977664964,20.013314827300356
2024-10-16,17.243959321348008,14.722306329931683,19.615961312693365
2024-10-17,17.200660157689253,14.64491501129453,19.711737814418008
2024-10-18,17.15130299537951,14.489993824795688,19.76621837754618
2024-10-19,17.02702341109691,14.343183929782052,19.498299260910034
2024-10-20,17.072383703400558,14.500727699377704,19.569893751770373
2024-10-21,16.983809442185382,14.430624784031941,19.64089091050987
2024-10-22,17.002625442594045,14.391913108907064,19.506992342735526
2024-10-23,16.866570741056773,14.272084454706336,19.54114227035927
2024-10-24,16.806423736075526,14.117156466899429,19.524376193695925
2024-10-25,16.7377031258957,14.429354407044618,19.225579848001836
2024-10-26,16.59172936761553,14.103439808606517,19.178987925305787
2024-10-27,16.61331783648415,14.127398754183954,19.026073292783945
2024-10-28,16.49921151892311,13.698524703047822,19.3099489775184
2024-10-29,16.49111125570557,14.10363964175414,19.16049312384015
2024-10-30,16.32718321694857,13.723467078506214,18.837491875572432
2024-10-31,16.238674928648415,13.824099541201898,18.9809335262101
2024-11-01,16.141605689964287,13.480784757879235,18.732906172461036
2024-11-02,15.967816358020633,13.314033176459679,18.5657629177379
2024-11-03,15.962649970254002,13.320486822167688,18.44982559100189
2024-11-04,15.823371360694509,13.499329979178622,18.41525938138147
2024-11-05,15.792184132552165,13.194443700993807,18.35776929680108
2024-11-06,15.607725028452645,13.339880407917079,18.40167820657039
2024-11-07,15.501667381519766,13.092068066596566,18.155274785368274
2024-11-08,15.390399843493508,12.795202116494362,17.807321149560742
2024-11-09,15.206065706915219,12.671515605128048,17.789265842627067
2024-11-10,15.194234604886477,12.633707097529438,17.7714077054756
2024-11-11,15.052315022086391,12.615228557783396,17.899615631432614
2024-11-12,15.022566211968426,12.235815463531871,17.631315880261543
2024-11-13,14.843589741775387,12.243881100102424,17.3471672191604
2024-11-20,14.209925115209826,11.659159484807903,17.024749885897013
2024-11-21,14.139871833873197,11.493319542300963,16.671858865661637
2024-11-22,14.068635374889112,11.583842794002987,16.82321786350589
2024-11-23,13.927454545226674,11.46327599605437,16.515067181560593
2024-11-24,13.960930845811703,11.388207640473766,16.5817421954701
2024-11-25,13.865465628402546,11.17666602207901,16.394867754271115
2024-11-26,13.88229803015136,11.233842294703672,16.693469882470406
2024-11-27,13.749023223932468,11.084559904359345,16.396248961182383
2024-11-28,13.696222076089146,11.127332411570137,16.198189233606257
2024-11-29,13.639167742746046,11.001296223313405,16.2705626370496
2024-11-30,13.50889380030555,11.006643332867284,16.173824217889493
2024-12-01,13.549894934808188,10.882330331577297,16.200427749496054
2024-12-02,13.458567847968324,10.97391565797528,15.906423834572212
2024-12-03,13.476250202986222,10.933232939661254,16.273230816214106
2024-12-04,13.34073708539372,10.65215334604605,15.750283575711576
2024-12-05,13.28290608412058,10.77452137418837,16.06474843720963
2024-12-06,13.218416614501816,10.434958031417494,15.794887557905136
2024-12-07,13.078768244896068,10.433831208682511,15.768603919650685
2024-12-08,13.108989289575792,10.341790864444343,15.551206734090922
2024-12-09,13.006063629846098,10.160613832873718,15.671984578308154
2024-12-10,13.01195394925005,10.210255566673753,15.793077990339583
2024-12-11,12.86510127016072,10.21109624375063,15.568058558957679
2024-12-12,12.797032347436947,10.209658474944222,15.542612708456135
2024-12-13,12.72404101781093,10.13734021906438,15.306187336124154
2024-12-14,12.578228757204915,10.08511708739942,15.298680886375834
2024-12-15,12.605176199294812,10.116746680659505,15.197034021584784
2024-12-16,12.502354054536635,9.85709106635964,14.92803975387517
2024-12-17,12.512132066008931,9.955348217972922,15.158802656965737
2024-12-18,12.373266300330911,9.83378430497884,14.98370897444799
2024-12-19,12.317496688999867,9.905519267955604,14.845957913448956
2024-12-20,12.261221216649115,9.632628293620748,14.87035755768023
2024-12-21,12.13653223555944,9.440857539669649,14.72881560474573
2024-12-22,12.188886809104357,9.857480456818077,14.68747276082465
2024-12-23,12.115519590033099,9.699259711859755,14.901286826082398
2024-12-24,12.158456851181008,9.428738617527312,14.737556720934146
2024-12-25,12.056011862305958,9.559794421689027,14.516779376712488
2024-12-26,12.039393340002547,9.446984388770518,14.536424229758039
2024-12-27,12.02439309928857,9.22102978236942,14.580713548958936
2024-12-28,11.942438045299541,9.414857489619502,14.39081611071887
2024-12-29,12.03827800256666,9.498925593744323,14.467243908079558
2024-12-30,12.008417428647677,9.556811288103566,14.675471503500898
2024-12-31,12.094149128782277,9.364643159183256,14.493263681706152
2025-01-01,12.033069635823498,9.451719010025737,14.438296281573544
2025-01-02,12.055707438656006,9.445312057819345,14.513949628538398
2025-01-03,12.077229644381939,9.5510185290667,14.548282333474091
2025-01-04,12.028511684703549,9.530128735443181,14.624128712403259
2025-01-05,12.153841065783388,9.77682687629052,14.754765726094933
2025-01-06,12.149362753898078,9.656688797118282,14.675259860266069
2025-01-07,12.256123915562242,9.754834212386795,14.757384546873913
2025-01-08,12.211597346238978,9.696767277255868,14.824607687243187
2025-01-09,12.246314518100187,9.525577134023662,14.986120456315305
2025-01-10,12.275573664363137,9.639326895259714,14.724187206412816
2025-01-11,12.230507433096944,9.576861711384916,14.949890990669164
2025-01-12,12.355781125380634,9.659584258391948,15.081627810052796
2025-01-13,12.348029219220866,9.76313489278214,14.632650123376505
2025-01-14,12.44888809827999,9.918828538752452,14.94028705813859
2025-01-15,12.396504606566548,9.859678058014241,15.012224519870704
2025-01-16,12.42215172616682,10.002263368455905,15.096488447572085
2025-01-17,12.441917232496579,10.094213346595454,14.9896171390631
2025-01-18,12.38775035605207,9.892259871929204,14.793375322131833
2025-01-19,12.505138007873413,9.984977233594464,15.107581192665196
2025-01-20,12.491518844487368,9.969186639334685,15.269555683265986
2025-01-21,12.589293682665787,9.749849926439868,14.895883337323811
2025-01-22,12.537312477583551,9.775362870033394,14.955017442718122
2025-01-23,12.567469739326746,9.900891703647499,15.234755301854891
2025-01-24,12.596374789952025,9.975159066102993,15.425155926215933
2025-01-25,12.556382392963805,10.023194979478957,15.143574238580866
2025-01-26,12.69325575677151,10.171827398788198,15.424569745981216
2025-01-27,12.70457056164324,9.969730311865199,15.309314618752314
2025-01-28,12.832718813305373,10.361118509900109,15.378662937905757
2025-01-29,12.816392940525018,10.23744900612496,15.33582036536225
2025-01-30,12.887182120469625,10.361804869630365,15.529037822677353
2025-01-31,12.961247244715892,10.314159505897813,15.508939047650195
2025-02-01,12.97035996951097,10.449095015598347,15.466564037686503
2025-02-02,13.15957766667075,10.737083466089516,15.708645536099759
2025-02-03,13.225662646953925,10.55622487796524,15.71993442565296
2025-02-04,13.410104095951958,10.976417576026378,15.790694898879924
2025-02-05,13.45062270048519,10.784816723011659,15.98833788470298
2025-02-06,13.577789445054428,11.084420297865513,16.112177870974026
2025-02-12,14.412923120509692,11.665155354228371,16.821388996314607
2025-02-13,14.56586821842593,12.06431234314519,17.115503524639003
2025-02-14,14.713171672539104,12.299137594435603,17.328213420358463
2025-02-15,14.785171355335105,12.146081667889137,17.200131657389672
2025-02-16,15.02567432994244,12.204947949796654,17.59069448611022
2025-02-17,15.130407041019174,12.70600908076857,17.60766914864033
2025-02-18,15.340063303793139,12.828922326475952,17.914574347102377
2025-02-19,15.391829419378828,12.794258191815038,17.948885401519668
2025-02-20,15.516017386088382,12.801242438083017,18.00301649273436
2025-02-21,15.627771706553244,13.32136034521342,18.155047375543784
2025-02-22,15.658134445373914,13.061107537541034,18.05284114685453
2025-02-23,15.851739708890708,13.279948110618998,18.360239288742786
2025-02-24,15.905245434398026,13.37982469922496,18.31417640604183
2025-02-25,16.060360616548774,13.503115387081571,18.458029565059373
2025-02-26,16.055347816391834,13.477674810233372,18.528441753112592
2025-02-27,16.121632482567122,13.480189627994667,18.92079498926572
2025-02-28,16.17548517203732,13.522275328225406,18.760215817868076
2025-03-01,16.14906192511598,13.79408243837686,18.7428323376851
2025-03-02,16.28807456334825,13.683460498945834,19.00393915679806
2025-03-03,16.290199376197098,13.622068245317024,18.898883937918487
2025-03-04,16.398082869866943,13.812203273555397,18.98416146040846
2025-03-05,16.350824922576347,13.717824121727404,19.027009565437336
2025-03-06,16.380571315688467,13.873529412567237,19.04197884933532
2025-03-07,16.404182098296644,13.962968392248264,19.2148859070541
2025-03-08,16.354261331948074,13.824260537821901,18.935598604603136
2025-03-09,16.476820191174237,13.849297835974202,19.108354313602355
2025-03-10,16.469682003871835,14.069949346755783,18.84306462549797
2025-03-11,16.575487932160744,14.005313370116554,19.164469493534625
2025-03-12,16.533183575166316,13.827159194664036,19.038933673327577
2025-03-13,16.574618313111817,13.952051377697716,19.161233511802408
2025-03-14,16.616223618427316,14.091195158120865,19.305917321630645
2025-03-15,16.590055574186184,14.261899394467308,19.092351142842766
2025-03-16,16.741473203899375,14.285794398655758,19.181125359549043
2025-03-17,16.767560770705963,14.250670234833205,19.504208808662057
2025-03-18,16.910152278271145,14.352847267097813,19.526598898560515
2025-03-19,16.907337957317274,14.284028772994374,19.50636303326892
2025-03-20,16.990084044019824,14.468855189089362,19.527579611889948
2025-03-21,17.07393156100417,14.420541153145159,19.66738809296021
2025-03-22,17.090058838027392,14.679303710593722,19.626423037919125
2025-03-23,17.282978897958746,14.752608865918427,19.94054549554754
2025-03-24,17.348979424531436,14.841351209604532,20.094433886179225
2025-03-25,17.5291631503772,15.020364265024796,20.15629791377943
2025-03-26,17.560968112544206,15.070803693773248,20.184109486513574
2025-03-27,17.674798809695627,14.967021228535609,20.05569126894139
2025-03-28,17.785733770028266,15.23952555896023,20.471435798575477
2025-03-29,17.824594139239935,15.262417108631494,20.330521058608046
2025-03-30,18.03564436186495,15.283157837521099,20.45872798578071
2025-03-31,18.11503269491387,15.454701616970592,20.782443621273526
2025-04-01,18.303829486935353,15.64929632746922,20.875990109970466
2025-04-02,18.339542831715747,15.7990260689976,20.84439527321395
2025-04-03,18.452742853874838,15.80875185508349,21.072977921459046
2025-04-04,18.55876041144505,15.937920147548265,20.93978018080396
2025-04-05,18.588745144550906,16.04199734376666,21.36791620968796
2025-04-06,18.787354296674245,16.011264814321844,21.472944911865394
2025-04-07,18.85118042301184,16.32352454197411,21.438056491981857
2025-04-08,19.02177630558988,16.39369295461791,21.849062245996613
2025-04-09,19.037157070541213,16.40266676375981,21.584807703265284
2025-04-10,19.12841113943894,16.470586599233418,21.56935534046171
2025-04-11,19.211386152471178,16.732627946791293,21.91365261397037
2025-04-12,19.217735113708862,16.59989137418092,21.87863799796976
2025-04-13,19.392594466146928,16.82192317574024,22.027089932193768
2025-04-14,19.43300244535458,16.967960585753517,22.068874014392005
2025-04-15,19.580916213407942,16.90522299959189,22.01113430023759
2025-04-16,19.57470789456895,16.967955770377444,22.32388295541955
2025-04-17,19.645771212806796,17.049548121993936,22.245700919556892
2025-04-18,19.710204879225948,17.06692175961055,22.167665598657937
2025-04-19,19.699857933719123,17.029099877357872,22.366256757375414
2025-04-20,19.860008649781065,17.26222930738551,22.416872331652893
2025-04-21,19.887785204718618,17.393305181971225,22.314472730783
2025-04-22,20.02518642883704,17.55683790479926,22.422696088612206
2025-04-23,20.01058253294368,17.40951161700428,22.437009317202605
2025-04-24,20.07532726655636,17.511659476853833,22.676318539411103
2025-04-25,20.13544739059811,17.703353687056314,22.69858949959017
2025-04-26,20.122694397418055,17.431605658922376,22.695252938886856
2025-04-27,20.28222981782587,17.76026590287489,22.89736930251909
2025-04-28,20.311052059493807,17.595786002672785,22.83142918820781
2025-04-29,20.45102285241659,17.925277673620744,23.162318073004396
2025-04-30,20.440372990678185,17.768843465367212,23.047890347868506
2025-05-01,20.51031864736818,17.93962655832354,22.87396067183807
2025-05-02,20.57675401095661,18.027388123642428,23.335411869296976
2025-05-03,20.57130508464209,18.00051322896242,23.188642438870115
2025-05-04,20.739015943788672,18.232896208502748,23.32800124047261
2025-05-05,20.77677539892543,18.122862194955584,23.420784055732486
2025-05-06,20.926342190199886,18.3238054227027,23.551583568181627
2025-05-07,20.925848497568957,18.368116259847305,23.407662247438946
2025-05-08,21.006413179730448,18.285257770005085,23.524588296122907
2025-05-09,21.08383066228052,18.099812269344323,23.56947192330786
2025-05-10,21.089620518512525,18.4034879296608,23.66248171521471
2025-05-11,21.26870926227469,18.720499291610896,23.822594923426912
2025-05-12,21.317852539037858,18.711619970801742,23.663261594667944
2025-05-13,21.478656085517528,18.9942213138672,24.200501151840314
2025-05-14,21.489075483610193,18.77220120685964,23.97295428415383
2025-05-15,21.580026351399404,18.953222138387122,24.152308864288617
2025-05-16,21.667071101351162,19.073015587640814,24.31687599599122
2025-05-17,21.68146749086326,19.25004894468445,24.278626914588518
2025-05-18,21.867850631478237,19.4495042239541,24.287315048544404
2025-05-19,21.922656749133697,19.311939748329262,24.416306975238918
2025-05-20,22.087147126726855,19.667689741185576,24.546568445241615
2025-05-21,22.09891226723971,19.567763124559903,24.66454428519533
2025-05-22,22.1884878825784,19.623239204527618,24.778864226019497
2025-05-23,22.271048750508744,19.71531760909045,24.79227643953496
2025-05-24,22.277465528502958,19.72998001056047,24.8404355442747
2025-05-25,22.45199600899997,19.908192575470892,24.995551008125208
